epoch,timestamp,slashed_validators,slashing_penalty_eth,gross_loss_eth,cl_rewards_eth,mev_proxy_eth,participation_rate,stored_score,stored_risk,recomputed_score,recomputed_risk,score_drift,has_rewards_data
441947,2026-04-18 17:06,0,0.0,0.0,0.0,0.008485934,0.9521,0.0000,HEALTHY,0.0000,HEALTHY,0.0000,False
441948,2026-04-18 17:12,0,0.0,0.0,0.0,0.00680369,0.9521,0.0000,HEALTHY,0.0000,HEALTHY,0.0000,False
441949,2026-04-18 17:19,0,0.0,0.0,0.0,0.003239475,0.9521,0.0000,HEALTHY,0.0000,HEALTHY,0.0000,False
441950,2026-04-18 17:25,0,0.0,0.0,0.0,0.006785118,0.9521,0.0000,HEALTHY,0.0000,HEALTHY,0.0000,False
441951,2026-04-18 17:32,0,0.0,0.0,0.0,0.006803793,0.9521,0.0000,HEALTHY,0.0000,HEALTHY,0.0000,False
441952,2026-04-18 17:38,0,0.0,0.0,0.0,0.005946191,0.9521,0.0000,HEALTHY,0.0000,HEALTHY,0.0000,False
441953,2026-04-18 17:44,0,0.0,0.0,0.0,0.003832017,0.9521,0.0000,HEALTHY,0.0000,HEALTHY,0.0000,False
441954,2026-04-18 17:55,0,0.0,0.0,0.0,0.003235311,0.9521,0.0000,HEALTHY,0.0000,HEALTHY,0.0000,False
441955,2026-04-18 18:01,0,0.0,0.0,0.0,0.006620321,0.9521,0.0000,HEALTHY,0.0000,HEALTHY,0.0000,False
441956,2026-04-18 18:07,0,0.0,0.0,0.0,0.011666645,0.9521,0.0000,HEALTHY,0.0000,HEALTHY,0.0000,False
441957,2026-04-18 18:13,0,0.0,0.0,0.0,0.008563414,0.9521,0.0000,HEALTHY,0.0000,HEALTHY,0.0000,False
441958,2026-04-18 18:19,0,0.0,0.0,0.0,0.004376838,0.9521,0.0000,HEALTHY,0.0000,HEALTHY,0.0000,False
441959,2026-04-18 18:25,0,0.0,0.0,0.0,0.007035543,0.9521,0.0000,HEALTHY,0.0000,HEALTHY,0.0000,False
441960,2026-04-18 18:31,0,0.0,0.0,0.0,0.010577342,0.9521,0.0000,HEALTHY,0.0000,HEALTHY,0.0000,False
441961,2026-04-18 18:37,0,0.0,0.0,0.0,0.00357884,0.9521,0.0000,HEALTHY,0.0000,HEALTHY,0.0000,False
441962,2026-04-18 18:43,0,0.0,0.0,0.0,0.005233538,0.9521,0.0000,HEALTHY,0.0000,HEALTHY,0.0000,False
441963,2026-04-18 18:49,0,0.0,0.0,0.0,0.014480817,0.9521,0.0000,HEALTHY,0.0000,HEALTHY,0.0000,False
441964,2026-04-18 18:55,0,0.0,0.0,0.0,0.011558279,0.9521,0.0000,HEALTHY,0.0000,HEALTHY,0.0000,False
441965,2026-04-18 19:01,0,0.0,0.0,0.0,0.063345112,0.9521,0.0000,HEALTHY,0.0000,HEALTHY,0.0000,False
441966,2026-04-18 19:07,0,0.0,0.0,0.0,0.176166663,0.9521,0.0000,HEALTHY,0.0000,HEALTHY,0.0000,False
441967,2026-04-18 19:18,0,0.0,0.0,0.0,0.354549209,0.9521,0.0000,HEALTHY,0.0000,HEALTHY,0.0000,False
441968,2026-04-18 19:24,0,0.0,0.0,0.0,0.117515989,0.9521,0.0000,HEALTHY,0.0000,HEALTHY,0.0000,False
441969,2026-04-18 19:30,0,0.0,0.0,0.0,0.176657629,0.9521,0.0000,HEALTHY,0.0000,HEALTHY,0.0000,False
441970,2026-04-18 19:36,0,0.0,0.0,0.0,0.18188367,0.9521,0.0000,HEALTHY,0.0000,HEALTHY,0.0000,False
441971,2026-04-18 19:42,0,0.0,0.0,0.0,0.271127939,0.9521,0.0000,HEALTHY,0.0000,HEALTHY,0.0000,False
441972,2026-04-18 19:48,0,0.0,0.0,0.0,0.148964713,0.9521,0.0000,HEALTHY,0.0000,HEALTHY,0.0000,False
441973,2026-04-18 19:54,0,0.0,0.0,0.0,0.253593897,0.9521,0.0000,HEALTHY,0.0000,HEALTHY,0.0000,False
441974,2026-04-18 20:00,0,0.0,0.0,0.0,0.24130424,0.9521,0.0000,HEALTHY,0.0000,HEALTHY,0.0000,False
441975,2026-04-18 20:06,0,0.0,0.0,0.0,0.550311459,0.9521,0.0000,HEALTHY,0.0000,HEALTHY,0.0000,False
441976,2026-04-18 20:14,0,0.0,0.0,0.0,0.2791278,0.9521,0.0000,HEALTHY,0.0000,HEALTHY,0.0000,False
441977,2026-04-18 20:20,0,0.0,0.0,0.0,0.350032255,0.9521,0.0000,HEALTHY,0.0000,HEALTHY,0.0000,False
441978,2026-04-18 20:26,0,0.0,0.0,0.0,0.04229271,0.9521,0.0000,HEALTHY,0.0000,HEALTHY,0.0000,False
441979,2026-04-18 20:32,0,0.0,0.0,0.0,0.022706656,0.9521,0.0000,HEALTHY,0.0000,HEALTHY,0.0000,False
441980,2026-04-18 20:38,0,0.0,0.0,0.0,0.101885264,0.9521,0.0000,HEALTHY,0.0000,HEALTHY,0.0000,False
441981,2026-04-18 20:44,0,0.0,0.0,0.0,0.162779123,0.9521,0.0000,HEALTHY,0.0000,HEALTHY,0.0000,False
441982,2026-04-18 20:50,0,0.0,0.0,0.0,0.069208373,0.9521,0.0000,HEALTHY,0.0000,HEALTHY,0.0000,False
441983,2026-04-18 20:56,0,0.0,0.0,0.0,0.240481883,0.9521,0.0000,HEALTHY,0.0000,HEALTHY,0.0000,False
441984,2026-04-18 21:10,0,0.0,0.0,0.0,0.142484743,0.9521,0.0000,HEALTHY,0.0000,HEALTHY,0.0000,False
441986,2026-04-18 21:17,0,0.0,0.0,0.0,0.171715831,0.9521,0.0000,HEALTHY,0.0000,HEALTHY,0.0000,False
441987,2026-04-18 21:22,0,0.0,0.0,0.0,0.097483479,0.9521,0.0000,HEALTHY,0.0000,HEALTHY,0.0000,False
441988,2026-04-18 21:28,0,0.0,0.0,0.0,0.133523611,0.9521,0.0000,HEALTHY,0.0000,HEALTHY,0.0000,False
441989,2026-04-18 21:34,0,0.0,0.0,0.0,0.039534633,0.9521,0.0000,HEALTHY,0.0000,HEALTHY,0.0000,False
441990,2026-04-18 21:44,0,0.0,0.0,0.0,0.082764033,0.9521,0.0000,HEALTHY,0.0000,HEALTHY,0.0000,False
441991,2026-04-18 21:50,0,0.0,0.0,0.0,0.042590429,0.9521,0.0000,HEALTHY,0.0000,HEALTHY,0.0000,False
441992,2026-04-18 21:56,0,0.0,0.0,0.0,0.078597265,0.9521,0.0000,HEALTHY,0.0000,HEALTHY,0.0000,False
441993,2026-04-18 22:02,0,0.0,0.0,0.0,0.021489006,0.9521,0.0000,HEALTHY,0.0000,HEALTHY,0.0000,False
441994,2026-04-18 22:07,0,0.0,0.0,0.0,0.017608284,0.9521,0.0000,HEALTHY,0.0000,HEALTHY,0.0000,False
441995,2026-04-18 22:13,0,0.0,0.0,0.0,0.037112919,0.9521,0.0000,HEALTHY,0.0000,HEALTHY,0.0000,False
441996,2026-04-18 22:19,0,0.0,0.0,0.0,0.01049951,0.9521,0.0000,HEALTHY,0.0000,HEALTHY,0.0000,False
441997,2026-04-18 22:29,0,0.0,0.0,0.0,0.026663506,0.9521,0.0000,HEALTHY,0.0000,HEALTHY,0.0000,False
441998,2026-04-18 22:35,0,0.0,0.0,0.0,0.045555393,0.9521,0.0000,HEALTHY,0.0000,HEALTHY,0.0000,False
441999,2026-04-18 22:41,0,0.0,0.0,0.0,0.031261944,0.9521,0.0000,HEALTHY,0.0000,HEALTHY,0.0000,False
442000,2026-04-18 22:47,0,0.0,0.0,0.0,0.010551604,0.9521,0.0000,HEALTHY,0.0000,HEALTHY,0.0000,False
442001,2026-04-18 22:53,0,0.0,0.0,0.0,0.026359197,0.9521,0.0000,HEALTHY,0.0000,HEALTHY,0.0000,False
442002,2026-04-18 22:59,0,0.0,0.0,0.0,0.028009708,0.9521,0.0000,HEALTHY,0.0000,HEALTHY,0.0000,False
442003,2026-04-18 23:05,0,0.0,0.0,0.0,0.023022388,0.9521,0.0000,HEALTHY,0.0000,HEALTHY,0.0000,False
442004,2026-04-18 23:10,0,0.0,0.0,0.0,0.035174585,0.9521,0.0000,HEALTHY,0.0000,HEALTHY,0.0000,False
442005,2026-04-18 23:21,0,0.0,0.0,0.0,0.037724606,0.9521,0.0000,HEALTHY,0.0000,HEALTHY,0.0000,False
442006,2026-04-18 23:27,0,0.0,0.0,0.0,0.038933515,0.9521,0.0000,HEALTHY,0.0000,HEALTHY,0.0000,False
442007,2026-04-18 23:33,0,0.0,0.0,0.0,0.03716045,0.9521,0.0000,HEALTHY,0.0000,HEALTHY,0.0000,False
442008,2026-04-18 23:39,0,0.0,0.0,0.0,0.034662352,0.9521,0.0000,HEALTHY,0.0000,HEALTHY,0.0000,False
442009,2026-04-18 23:45,0,0.0,0.0,0.0,0.027923786,0.9521,0.0000,HEALTHY,0.0000,HEALTHY,0.0000,False
442010,2026-04-18 23:51,0,0.0,0.0,0.0,0.033212258,0.9521,0.0000,HEALTHY,0.0000,HEALTHY,0.0000,False
442011,2026-04-18 23:57,0,0.0,0.0,0.0,0.0152617,0.9521,0.0000,HEALTHY,0.0000,HEALTHY,0.0000,False
442012,2026-04-19 00:03,0,0.0,0.0,0.0,0.01516168,0.9521,0.0000,HEALTHY,0.0000,HEALTHY,0.0000,False
442013,2026-04-19 00:09,0,0.0,0.0,0.0,0.025260964,0.9521,0.0000,HEALTHY,0.0000,HEALTHY,0.0000,False
442014,2026-04-19 00:14,0,0.0,0.0,0.0,0.022324284,0.9521,0.0000,HEALTHY,0.0000,HEALTHY,0.0000,False
442015,2026-04-19 00:20,0,0.0,0.0,0.0,0.041773204,0.9521,0.0000,HEALTHY,0.0000,HEALTHY,0.0000,False
442016,2026-04-19 00:35,0,0.0,0.0,0.0,0.03013369,0.9521,0.0000,HEALTHY,0.0000,HEALTHY,0.0000,False
442018,2026-04-19 00:41,0,0.0,0.0,0.0,0.028114401,0.9521,0.0000,HEALTHY,0.0000,HEALTHY,0.0000,False
442019,2026-04-19 00:47,0,0.0,0.0,0.0,0.010800978,0.9521,0.0000,HEALTHY,0.0000,HEALTHY,0.0000,False
442020,2026-04-19 00:53,0,0.0,0.0,0.0,0.030480441,0.9521,0.0000,HEALTHY,0.0000,HEALTHY,0.0000,False
442021,2026-04-19 01:07,0,0.0,0.0,0.0,0.037972077,0.9521,0.0000,HEALTHY,0.0000,HEALTHY,0.0000,False
442023,2026-04-19 01:13,0,0.0,0.0,0.0,0.038575896,0.9521,0.0000,HEALTHY,0.0000,HEALTHY,0.0000,False
442024,2026-04-19 01:19,0,0.0,0.0,0.0,0.031929403,0.9521,0.0000,HEALTHY,0.0000,HEALTHY,0.0000,False
442025,2026-04-19 01:25,0,0.0,0.0,0.0,0.035333608,0.9521,0.0000,HEALTHY,0.0000,HEALTHY,0.0000,False
442026,2026-04-19 01:31,0,0.0,0.0,0.0,0.030280824,0.9521,0.0000,HEALTHY,0.0000,HEALTHY,0.0000,False
442027,2026-04-19 01:42,0,0.0,0.0,0.0,0.059056387,0.9521,0.0000,HEALTHY,0.0000,HEALTHY,0.0000,False
442028,2026-04-19 01:48,0,0.0,0.0,0.0,0.041479524,0.9521,0.0000,HEALTHY,0.0000,HEALTHY,0.0000,False
442029,2026-04-19 01:54,0,0.0,0.0,0.0,0.03304452,0.9521,0.0000,HEALTHY,0.0000,HEALTHY,0.0000,False
442030,2026-04-19 02:00,0,0.0,0.0,0.0,0.046987586,0.9521,0.0000,HEALTHY,0.0000,HEALTHY,0.0000,False
442031,2026-04-19 02:06,0,0.0,0.0,0.0,0.052148886,0.9521,0.0000,HEALTHY,0.0000,HEALTHY,0.0000,False
442032,2026-04-19 02:12,0,0.0,0.0,0.0,0.042153468,0.9521,0.0000,HEALTHY,0.0000,HEALTHY,0.0000,False
442033,2026-04-19 02:19,0,0.0,0.0,0.0,0.033357985,0.9521,0.0000,HEALTHY,0.0000,HEALTHY,0.0000,False
442034,2026-04-19 02:25,0,0.0,0.0,0.0,0.072868889,0.9521,0.0000,HEALTHY,0.0000,HEALTHY,0.0000,False
442035,2026-04-19 02:31,0,0.0,0.0,0.0,0.078443598,0.9521,0.0000,HEALTHY,0.0000,HEALTHY,0.0000,False
442036,2026-04-19 02:36,0,0.0,0.0,0.0,0.072200479,0.9521,0.0000,HEALTHY,0.0000,HEALTHY,0.0000,False
442037,2026-04-19 02:42,0,0.0,0.0,0.0,0.076586633,0.9521,0.0000,HEALTHY,0.0000,HEALTHY,0.0000,False
442038,2026-04-19 02:48,0,0.0,0.0,0.0,0.090863166,0.9521,0.0000,HEALTHY,0.0000,HEALTHY,0.0000,False
442039,2026-04-19 02:54,0,0.0,0.0,0.0,0.068291522,0.9521,0.0000,HEALTHY,0.0000,HEALTHY,0.0000,False
442040,2026-04-19 03:05,0,0.0,0.0,0.0,0.061386589,0.9521,0.0000,HEALTHY,0.0000,HEALTHY,0.0000,False
442041,2026-04-19 03:11,0,0.0,0.0,0.0,0.040357147,0.9521,0.0000,HEALTHY,0.0000,HEALTHY,0.0000,False
442042,2026-04-19 03:17,0,0.0,0.0,0.0,0.04745757,0.9521,0.0000,HEALTHY,0.0000,HEALTHY,0.0000,False
442043,2026-04-19 03:23,0,0.0,0.0,0.0,0.065165624,0.9521,0.0000,HEALTHY,0.0000,HEALTHY,0.0000,False
442044,2026-04-19 03:29,0,0.0,0.0,0.0,0.054043533,0.9521,0.0000,HEALTHY,0.0000,HEALTHY,0.0000,False
442045,2026-04-19 03:35,0,0.0,0.0,0.0,0.079436285,0.9521,0.0000,HEALTHY,0.0000,HEALTHY,0.0000,False
442046,2026-04-19 03:41,0,0.0,0.0,0.0,0.043439099,0.9521,0.0000,HEALTHY,0.0000,HEALTHY,0.0000,False
442047,2026-04-19 03:47,0,0.0,0.0,0.0,0.03791106,0.9521,0.0000,HEALTHY,0.0000,HEALTHY,0.0000,False
442048,2026-04-19 03:53,0,0.0,0.0,0.0,0.039366193,0.9521,0.0000,HEALTHY,0.0000,HEALTHY,0.0000,False
442049,2026-04-19 03:58,0,0.0,0.0,0.0,0.038467269,0.9521,0.0000,HEALTHY,0.0000,HEALTHY,0.0000,False
442050,2026-04-19 04:04,0,0.0,0.0,0.0,0.023992094,0.9521,0.0000,HEALTHY,0.0000,HEALTHY,0.0000,False
442051,2026-04-19 04:15,0,0.0,0.0,0.0,0.01693496,0.9521,0.0000,HEALTHY,0.0000,HEALTHY,0.0000,False
442052,2026-04-19 04:21,0,0.0,0.0,0.0,0.022722105,0.9521,0.0000,HEALTHY,0.0000,HEALTHY,0.0000,False
442053,2026-04-19 04:27,0,0.0,0.0,0.0,0.025018465,0.9521,0.0000,HEALTHY,0.0000,HEALTHY,0.0000,False
442054,2026-04-19 04:33,0,0.0,0.0,0.0,0.019869824,0.9521,0.0000,HEALTHY,0.0000,HEALTHY,0.0000,False
442055,2026-04-19 04:38,0,0.0,0.0,0.0,0.051312743,0.9521,0.0000,HEALTHY,0.0000,HEALTHY,0.0000,False
442056,2026-04-19 04:44,0,0.0,0.0,0.0,0.031185892,0.9521,0.0000,HEALTHY,0.0000,HEALTHY,0.0000,False
442057,2026-04-19 04:50,0,0.0,0.0,0.0,0.044757927,0.9521,0.0000,HEALTHY,0.0000,HEALTHY,0.0000,False
442058,2026-04-19 04:56,0,0.0,0.0,0.0,0.034729586,0.9521,0.0000,HEALTHY,0.0000,HEALTHY,0.0000,False
442059,2026-04-19 05:02,0,0.0,0.0,0.0,0.026557816,0.9521,0.0000,HEALTHY,0.0000,HEALTHY,0.0000,False
442060,2026-04-19 05:08,0,0.0,0.0,0.0,0.018928395,0.9521,0.0000,HEALTHY,0.0000,HEALTHY,0.0000,False
442061,2026-04-19 05:23,0,0.0,0.0,0.0,0.012091846,0.9521,0.0000,HEALTHY,0.0000,HEALTHY,0.0000,False
442063,2026-04-19 05:29,0,0.0,0.0,0.0,0.021735992,0.9521,0.0000,HEALTHY,0.0000,HEALTHY,0.0000,False
442064,2026-04-19 05:35,0,0.0,0.0,0.0,0.020384318,0.9521,0.0000,HEALTHY,0.0000,HEALTHY,0.0000,False
442065,2026-04-19 05:41,0,0.0,0.0,0.0,0.016567829,0.9521,0.0000,HEALTHY,0.0000,HEALTHY,0.0000,False
442066,2026-04-19 05:47,0,0.0,0.0,0.0,0.006069374,0.9521,0.0000,HEALTHY,0.0000,HEALTHY,0.0000,False
442067,2026-04-19 05:57,0,0.0,0.0,0.0,0.018539153,0.9521,0.0000,HEALTHY,0.0000,HEALTHY,0.0000,False
442068,2026-04-19 06:03,0,0.0,0.0,0.0,0.02542975,0.9521,0.0000,HEALTHY,0.0000,HEALTHY,0.0000,False
442069,2026-04-19 06:09,0,0.0,0.0,0.0,0.026975029,0.9521,0.0000,HEALTHY,0.0000,HEALTHY,0.0000,False
442070,2026-04-19 06:15,0,0.0,0.0,0.0,0.02673543,0.9521,0.0000,HEALTHY,0.0000,HEALTHY,0.0000,False
442071,2026-04-19 06:21,0,0.0,0.0,0.0,0.026396086,0.9521,0.0000,HEALTHY,0.0000,HEALTHY,0.0000,False
442072,2026-04-19 06:27,0,0.0,0.0,0.0,0.014943499,0.9521,0.0000,HEALTHY,0.0000,HEALTHY,0.0000,False
442073,2026-04-19 06:33,0,0.0,0.0,0.0,0.005501065,0.9521,0.0000,HEALTHY,0.0000,HEALTHY,0.0000,False
442074,2026-04-19 06:39,0,0.0,0.0,0.0,0.023391073,0.9521,0.0000,HEALTHY,0.0000,HEALTHY,0.0000,False
442075,2026-04-19 06:45,0,0.0,0.0,0.0,0.016183361,0.9521,0.0000,HEALTHY,0.0000,HEALTHY,0.0000,False
442076,2026-04-19 06:59,0,0.0,0.0,0.0,0.013838563,0.9521,0.0000,HEALTHY,0.0000,HEALTHY,0.0000,False
442078,2026-04-19 07:06,0,0.0,0.0,0.0,0.023565472,0.9521,0.0000,HEALTHY,0.0000,HEALTHY,0.0000,False
442079,2026-04-19 07:12,0,0.0,0.0,0.0,0.00824805,0.9521,0.0000,HEALTHY,0.0000,HEALTHY,0.0000,False
442080,2026-04-19 07:18,0,0.0,0.0,0.0,0.032313129,0.9521,0.0000,HEALTHY,0.0000,HEALTHY,0.0000,False
442081,2026-04-19 07:24,0,0.0,0.0,0.0,0.051338927,0.9521,0.0000,HEALTHY,0.0000,HEALTHY,0.0000,False
442082,2026-04-19 07:30,0,0.0,0.0,0.0,0.051861013,0.9521,0.0000,HEALTHY,0.0000,HEALTHY,0.0000,False
442083,2026-04-19 07:37,0,0.0,0.0,0.0,0.024938527,0.9521,0.0000,HEALTHY,0.0000,HEALTHY,0.0000,False
442084,2026-04-19 07:43,0,0.0,0.0,0.0,0.084687487,0.9521,0.0000,HEALTHY,0.0000,HEALTHY,0.0000,False
442085,2026-04-19 07:48,0,0.0,0.0,0.0,0.046550331,0.9521,0.0000,HEALTHY,0.0000,HEALTHY,0.0000,False
442086,2026-04-19 07:59,0,0.0,0.0,0.0,0.036454682,0.9521,0.0000,HEALTHY,0.0000,HEALTHY,0.0000,False
442087,2026-04-19 08:05,0,0.0,0.0,0.0,0.058128926,0.9521,0.0000,HEALTHY,0.0000,HEALTHY,0.0000,False
442088,2026-04-19 08:11,0,0.0,0.0,0.0,0.048035572,0.9521,0.0000,HEALTHY,0.0000,HEALTHY,0.0000,False
442089,2026-04-19 08:17,0,0.0,0.0,0.0,0.034688759,0.9521,0.0000,HEALTHY,0.0000,HEALTHY,0.0000,False
442090,2026-04-19 08:24,0,0.0,0.0,0.0,0.031472241,0.9521,0.0000,HEALTHY,0.0000,HEALTHY,0.0000,False
442091,2026-04-19 08:30,0,0.0,0.0,0.0,0.033429277,0.9521,0.0000,HEALTHY,0.0000,HEALTHY,0.0000,False
442092,2026-04-19 08:35,0,0.0,0.0,0.0,0.027898683,0.9521,0.0000,HEALTHY,0.0000,HEALTHY,0.0000,False
442093,2026-04-19 08:41,0,0.0,0.0,0.0,0.041656527,0.9521,0.0000,HEALTHY,0.0000,HEALTHY,0.0000,False
442094,2026-04-19 08:48,0,0.0,0.0,0.0,0.031627095,0.9521,0.0000,HEALTHY,0.0000,HEALTHY,0.0000,False
442095,2026-04-19 08:54,0,0.0,0.0,0.0,0.015960455,0.9521,0.0000,HEALTHY,0.0000,HEALTHY,0.0000,False
442096,2026-04-19 09:00,0,0.0,0.0,0.0,0.031118868,0.9521,0.0000,HEALTHY,0.0000,HEALTHY,0.0000,False
442097,2026-04-19 09:06,0,0.0,0.0,0.0,0.035487645,0.9521,0.0000,HEALTHY,0.0000,HEALTHY,0.0000,False
442098,2026-04-19 09:12,0,0.0,0.0,0.0,0.005347612,0.9521,0.0000,HEALTHY,0.0000,HEALTHY,0.0000,False
442099,2026-04-19 09:23,0,0.0,0.0,0.0,0.021648018,0.9521,0.0000,HEALTHY,0.0000,HEALTHY,0.0000,False
442100,2026-04-19 09:29,0,0.0,0.0,0.0,0.018147879,0.9521,0.0000,HEALTHY,0.0000,HEALTHY,0.0000,False
442101,2026-04-19 09:35,0,0.0,0.0,0.0,0.018328854,0.9521,0.0000,HEALTHY,0.0000,HEALTHY,0.0000,False
442102,2026-04-19 09:40,0,0.0,0.0,0.0,0.018054651,0.9521,0.0000,HEALTHY,0.0000,HEALTHY,0.0000,False
442103,2026-04-19 09:46,0,0.0,0.0,0.0,0.016805161,0.9521,0.0000,HEALTHY,0.0000,HEALTHY,0.0000,False
442104,2026-04-19 09:52,0,0.0,0.0,0.0,0.020247632,0.9521,0.0000,HEALTHY,0.0000,HEALTHY,0.0000,False
442105,2026-04-19 09:58,0,0.0,0.0,0.0,0.026609948,0.9521,0.0000,HEALTHY,0.0000,HEALTHY,0.0000,False
442106,2026-04-19 10:04,0,0.0,0.0,0.0,0.021290094,0.9521,0.0000,HEALTHY,0.0000,HEALTHY,0.0000,False
442107,2026-04-19 10:10,0,0.0,0.0,0.0,0.023410787,0.9521,0.0000,HEALTHY,0.0000,HEALTHY,0.0000,False
442108,2026-04-19 10:16,0,0.0,0.0,0.0,0.020038587,0.9521,0.0000,HEALTHY,0.0000,HEALTHY,0.0000,False
442109,2026-04-19 10:30,0,0.0,0.0,0.0,0.022710462,0.9521,0.0000,HEALTHY,0.0000,HEALTHY,0.0000,False
442111,2026-04-19 10:37,0,0.0,0.0,0.0,0.015341264,0.9521,0.0000,HEALTHY,0.0000,HEALTHY,0.0000,False
442112,2026-04-19 10:42,0,0.0,0.0,0.0,0.013687262,0.9521,0.0000,HEALTHY,0.0000,HEALTHY,0.0000,False
442113,2026-04-19 10:49,0,0.0,0.0,0.0,0.02763821,0.9521,0.0000,HEALTHY,0.0000,HEALTHY,0.0000,False
442114,2026-04-19 10:56,0,0.0,0.0,0.0,0.03232397,0.9521,0.0000,HEALTHY,0.0000,HEALTHY,0.0000,False
442115,2026-04-19 11:02,0,0.0,0.0,0.0,0.008458596,0.9521,0.0000,HEALTHY,0.0000,HEALTHY,0.0000,False
442116,2026-04-19 11:08,0,0.0,0.0,0.0,0.010588087,0.9521,0.0000,HEALTHY,0.0000,HEALTHY,0.0000,False
442117,2026-04-19 11:14,0,0.0,0.0,0.0,0.02563638,0.9521,0.0000,HEALTHY,0.0000,HEALTHY,0.0000,False
442118,2026-04-19 11:20,0,0.0,0.0,0.0,0.011674716,0.9521,0.0000,HEALTHY,0.0000,HEALTHY,0.0000,False
442119,2026-04-19 11:26,0,0.0,0.0,0.0,0.012880351,0.9521,0.0000,HEALTHY,0.0000,HEALTHY,0.0000,False
442120,2026-04-19 11:36,0,0.0,0.0,0.0,0.016188588,0.9521,0.0000,HEALTHY,0.0000,HEALTHY,0.0000,False
442121,2026-04-19 11:42,0,0.0,0.0,0.0,0.014614116,0.9521,0.0000,HEALTHY,0.0000,HEALTHY,0.0000,False
442122,2026-04-19 11:48,0,0.0,0.0,0.0,0.022145725,0.9521,0.0000,HEALTHY,0.0000,HEALTHY,0.0000,False
442123,2026-04-19 11:54,0,0.0,0.0,0.0,0.018401236,0.9521,0.0000,HEALTHY,0.0000,HEALTHY,0.0000,False
442124,2026-04-19 12:00,0,0.0,0.0,0.0,0.0196145,0.9521,0.0000,HEALTHY,0.0000,HEALTHY,0.0000,False
442125,2026-04-19 12:06,0,0.0,0.0,0.0,0.02260749,0.9521,0.0000,HEALTHY,0.0000,HEALTHY,0.0000,False
442126,2026-04-19 12:12,0,0.0,0.0,0.0,0.023686146,0.9521,0.0000,HEALTHY,0.0000,HEALTHY,0.0000,False
442127,2026-04-19 12:18,0,0.0,0.0,0.0,0.023042452,0.9521,0.0000,HEALTHY,0.0000,HEALTHY,0.0000,False
442128,2026-04-19 12:24,0,0.0,0.0,0.0,0.022818555,0.9521,0.0000,HEALTHY,0.0000,HEALTHY,0.0000,False
442129,2026-04-19 12:34,0,0.0,0.0,0.0,0.025548492,0.9521,0.0000,HEALTHY,0.0000,HEALTHY,0.0000,False
442130,2026-04-19 12:41,0,0.0,0.0,0.0,0.022365227,0.9521,0.0000,HEALTHY,0.0000,HEALTHY,0.0000,False
442131,2026-04-19 12:47,0,0.0,0.0,0.0,0.021329041,0.9521,0.0000,HEALTHY,0.0000,HEALTHY,0.0000,False
442132,2026-04-19 12:52,0,0.0,0.0,0.0,0.000165512,0.9521,0.0000,HEALTHY,0.0000,HEALTHY,0.0000,False
442133,2026-04-19 12:58,0,0.0,0.0,0.0,0.028776831,0.9521,0.0000,HEALTHY,0.0000,HEALTHY,0.0000,False
442134,2026-04-19 13:04,0,0.0,0.0,0.0,0.035315105,0.9521,0.0000,HEALTHY,0.0000,HEALTHY,0.0000,False
442135,2026-04-19 13:11,0,0.0,0.0,0.0,0.010550612,0.9521,0.0000,HEALTHY,0.0000,HEALTHY,0.0000,False
442136,2026-04-19 13:17,0,0.0,0.0,0.0,0.071986935,0.9521,0.0000,HEALTHY,0.0000,HEALTHY,0.0000,False
442137,2026-04-19 13:23,0,0.0,0.0,0.0,0.063893633,0.9521,0.0000,HEALTHY,0.0000,HEALTHY,0.0000,False
442138,2026-04-19 13:29,0,0.0,0.0,0.0,0.011469174,0.9521,0.0000,HEALTHY,0.0000,HEALTHY,0.0000,False
442139,2026-04-19 13:35,0,0.0,0.0,0.0,0.055778748,0.9521,0.0000,HEALTHY,0.0000,HEALTHY,0.0000,False
442140,2026-04-19 13:41,0,0.0,0.0,0.0,0.039827138,0.9521,0.0000,HEALTHY,0.0000,HEALTHY,0.0000,False
442141,2026-04-19 13:47,0,0.0,0.0,0.0,0.029516216,0.9521,0.0000,HEALTHY,0.0000,HEALTHY,0.0000,False
442142,2026-04-19 13:53,0,0.0,0.0,0.0,0.033990307,0.9521,0.0000,HEALTHY,0.0000,HEALTHY,0.0000,False
442143,2026-04-19 14:04,0,0.0,0.0,0.0,0.042317797,0.9521,0.0000,HEALTHY,0.0000,HEALTHY,0.0000,False
442144,2026-04-19 14:10,0,0.0,0.0,0.0,0.039119163,0.9521,0.0000,HEALTHY,0.0000,HEALTHY,0.0000,False
442145,2026-04-19 14:16,0,0.0,0.0,0.0,0.034537863,0.9521,0.0000,HEALTHY,0.0000,HEALTHY,0.0000,False
442146,2026-04-19 14:22,0,0.0,0.0,0.0,0.055260975,0.9521,0.0000,HEALTHY,0.0000,HEALTHY,0.0000,False
442147,2026-04-19 14:28,0,0.0,0.0,0.0,0.056607481,0.9521,0.0000,HEALTHY,0.0000,HEALTHY,0.0000,False
442148,2026-04-19 14:34,0,0.0,0.0,0.0,0.163278786,0.9521,0.0000,HEALTHY,0.0000,HEALTHY,0.0000,False
442149,2026-04-19 14:40,0,0.0,0.0,0.0,0.175517292,0.9521,0.0000,HEALTHY,0.0000,HEALTHY,0.0000,False
442150,2026-04-19 14:46,0,0.0,0.0,0.0,0.141367707,0.9521,0.0000,HEALTHY,0.0000,HEALTHY,0.0000,False
442151,2026-04-19 14:52,0,0.0,0.0,0.0,0.019626954,0.9521,0.0000,HEALTHY,0.0000,HEALTHY,0.0000,False
442152,2026-04-19 15:00,0,0.0,0.0,0.0,0.067455524,0.9521,0.0000,HEALTHY,0.0000,HEALTHY,0.0000,False
442153,2026-04-19 15:07,0,0.0,0.0,0.0,0.053636214,0.9521,0.0000,HEALTHY,0.0000,HEALTHY,0.0000,False
442154,2026-04-19 15:12,0,0.0,0.0,0.0,0.039688375,0.9521,0.0000,HEALTHY,0.0000,HEALTHY,0.0000,False
442155,2026-04-19 15:18,0,0.0,0.0,0.0,0.044394574,0.9521,0.0000,HEALTHY,0.0000,HEALTHY,0.0000,False
442156,2026-04-19 15:23,0,0.0,0.0,0.0,0.041438549,0.9521,0.0000,HEALTHY,0.0000,HEALTHY,0.0000,False
442157,2026-04-19 15:29,0,0.0,0.0,0.0,0.034162649,0.9521,0.0000,HEALTHY,0.0000,HEALTHY,0.0000,False
442158,2026-04-19 15:38,0,0.0,0.0,0.0,0.058167005,0.9521,0.0000,HEALTHY,0.0000,HEALTHY,0.0000,False
442159,2026-04-19 15:45,0,0.0,0.0,0.0,0.090175687,0.9521,0.0000,HEALTHY,0.0000,HEALTHY,0.0000,False
442160,2026-04-19 15:51,0,0.0,0.0,0.0,0.044690009,0.9521,0.0000,HEALTHY,0.0000,HEALTHY,0.0000,False
442161,2026-04-19 15:57,0,0.0,0.0,0.0,0.022243055,0.9521,0.0000,HEALTHY,0.0000,HEALTHY,0.0000,False
442162,2026-04-19 16:03,0,0.0,0.0,0.0,0.056914562,0.9521,0.0000,HEALTHY,0.0000,HEALTHY,0.0000,False
442163,2026-04-19 16:10,0,0.0,0.0,0.0,0.003027579,0.9521,0.0000,HEALTHY,0.0000,HEALTHY,0.0000,False
442164,2026-04-19 16:16,0,0.0,0.0,0.0,0.023505767,0.9521,0.0000,HEALTHY,0.0000,HEALTHY,0.0000,False
442165,2026-04-19 16:22,0,0.0,0.0,0.0,0.063118231,0.9521,0.0000,HEALTHY,0.0000,HEALTHY,0.0000,False
442166,2026-04-19 16:28,0,0.0,0.0,0.0,0.048699911,0.9521,0.0000,HEALTHY,0.0000,HEALTHY,0.0000,False
442167,2026-04-19 16:34,0,0.0,0.0,0.0,0.029295223,0.9521,0.0000,HEALTHY,0.0000,HEALTHY,0.0000,False
442168,2026-04-19 16:41,0,0.0,0.0,0.0,0.024085964,0.9521,0.0000,HEALTHY,0.0000,HEALTHY,0.0000,False
442169,2026-04-19 16:47,0,0.0,0.0,0.0,0.021885037,0.9521,0.0000,HEALTHY,0.0000,HEALTHY,0.0000,False
442170,2026-04-19 16:53,0,0.0,0.0,0.0,0.014061458,0.9521,0.0000,HEALTHY,0.0000,HEALTHY,0.0000,False
442171,2026-04-19 17:00,0,0.0,0.0,0.0,0.027947131,0.9521,0.0000,HEALTHY,0.0000,HEALTHY,0.0000,False
442172,2026-04-19 17:06,0,0.0,0.0,0.0,0.02710766,0.9521,0.0000,HEALTHY,0.0000,HEALTHY,0.0000,False
442173,2026-04-19 17:19,0,0.0,0.0,0.0,0.033283803,0.9521,0.0000,HEALTHY,0.0000,HEALTHY,0.0000,False
442175,2026-04-19 17:30,0,0.0,0.0,0.0,0.016439227,0.9521,0.0000,HEALTHY,0.0000,HEALTHY,0.0000,False
442176,2026-04-19 17:44,0,0.0,0.0,221.92101588600002,0.022843404,0.9521,0.0000,HEALTHY,0.0000,HEALTHY,0.0000,True
442179,2026-04-19 17:58,0,0.0,0.0,0.0,0.017482458,0.9521,0.0000,HEALTHY,0.0000,HEALTHY,0.0000,False
442180,2026-04-19 17:53,0,0.0,0.0,259.325239081,0.058481055,0.9521,0.0000,HEALTHY,0.0000,HEALTHY,0.0000,True
442181,2026-04-19 18:10,0,0.0,0.0,521.8138773310001,0.031401856,0.9521,0.0000,HEALTHY,0.0000,HEALTHY,0.0000,True
442182,2026-04-19 18:06,0,0.0,0.0,260.651082221,0.024903229,0.9521,0.0000,HEALTHY,0.0000,HEALTHY,0.0000,True
442183,2026-04-19 18:13,0,0.0,0.0,519.182947718,0.037241435,0.9521,0.0000,HEALTHY,0.0000,HEALTHY,0.0000,True
442184,2026-04-19 18:20,0,0.0,0.0,0.0,0.02092205,0.9521,0.0000,HEALTHY,0.0000,HEALTHY,0.0000,False
442185,2026-04-19 18:25,0,0.0,0.0,0.0,0.013108012,0.9521,0.0000,HEALTHY,0.0000,HEALTHY,0.0000,False
442186,2026-04-19 18:32,0,0.0,0.0,-408.014572132,0.016484341,0.9521,0.0000,HEALTHY,0.0000,HEALTHY,0.0000,True
442187,2026-04-19 18:38,0,0.0,0.0,258.54993167000003,0.023601794,0.9521,0.0000,HEALTHY,0.0000,HEALTHY,0.0000,True
442188,2026-04-19 18:44,0,0.0,0.0,-301.308504799,0.012455748,0.9521,0.0000,HEALTHY,0.0000,HEALTHY,0.0000,True
442189,2026-04-19 18:51,0,0.0,0.0,259.48916555,0.03555572,0.9521,0.0000,HEALTHY,0.0000,HEALTHY,0.0000,True
442190,2026-04-19 18:57,0,0.0,0.0,259.457718575,0.020368331,0.9521,0.0000,HEALTHY,0.0000,HEALTHY,0.0000,True
442191,2026-04-19 19:09,0,0.0,0.0,0.0,0.011400728,0.9521,0.0000,HEALTHY,0.0000,HEALTHY,0.0000,False
442192,2026-04-19 19:12,0,0.0,0.0,0.0,0.015503464,0.9521,0.0000,HEALTHY,0.0000,HEALTHY,0.0000,False
442193,2026-04-19 19:22,0,0.0,0.0,0.0,0.012924041,0.9521,0.0000,HEALTHY,0.0000,HEALTHY,0.0000,False
442194,2026-04-19 19:30,0,0.0,0.0,0.0,0.007952027,0.9521,0.0000,HEALTHY,0.0000,HEALTHY,0.0000,False
442195,2026-04-19 19:29,0,0.0,0.0,259.71842750900004,0.015897277,0.9521,0.0000,HEALTHY,0.0000,HEALTHY,0.0000,True
442196,2026-04-19 19:37,0,0.0,0.0,0.0,0.008868916,0.9521,0.0000,HEALTHY,0.0000,HEALTHY,0.0000,False
442197,2026-04-19 19:41,0,0.0,0.0,0.0,0.014390491,0.9521,0.0000,HEALTHY,0.0000,HEALTHY,0.0000,False
442198,2026-04-19 19:49,0,0.0,0.0,193.184710037,0.020975444,0.9521,0.0000,HEALTHY,0.0000,HEALTHY,0.0000,True
442199,2026-04-19 19:56,0,0.0,0.0,0.0,0.004418651,0.9521,0.0000,HEALTHY,0.0000,HEALTHY,0.0000,False
442200,2026-04-19 20:02,0,0.0,0.0,259.508883739,0.020869485,0.9521,0.0000,HEALTHY,0.0000,HEALTHY,0.0000,True
442201,2026-04-19 20:08,0,0.0,0.0,249.15413473400002,0.014748638,0.9521,0.0000,HEALTHY,0.0000,HEALTHY,0.0000,True
442202,2026-04-19 20:22,0,0.0,0.0,259.52074386500004,0.022592945,0.9521,0.0000,HEALTHY,0.0000,HEALTHY,0.0000,True
442203,2026-04-19 20:28,0,0.0,0.0,256.507167724,0.017837319,0.9521,0.0000,HEALTHY,0.0000,HEALTHY,0.0000,True
442204,2026-04-19 20:35,0,0.0,0.0,0.0,0.014096182,0.9521,0.0000,HEALTHY,0.0000,HEALTHY,0.0000,False
442205,2026-04-19 20:41,0,0.0,0.0,258.764147015,0.02536137,0.9521,0.0000,HEALTHY,0.0000,HEALTHY,0.0000,True
442206,2026-04-19 20:47,0,0.0,0.0,258.838312196,0.031820435,0.9521,0.0000,HEALTHY,0.0000,HEALTHY,0.0000,True
442207,2026-04-19 20:50,0,0.0,0.0,259.6734038,0.028519841,0.9521,0.0000,HEALTHY,0.0000,HEALTHY,0.0000,True
442208,2026-04-19 20:53,0,0.0,0.0,273.243235197,0.02563254,0.9521,0.0000,HEALTHY,0.0000,HEALTHY,0.0000,True
442209,2026-04-19 20:59,0,0.0,0.0,259.757741031,0.02706005,0.9521,0.0000,HEALTHY,0.0000,HEALTHY,0.0000,True
442210,2026-04-19 21:05,0,0.0,0.0,272.666915115,0.016598355,0.9521,0.0000,HEALTHY,0.0000,HEALTHY,0.0000,True
442211,2026-04-19 21:12,0,0.0,0.0,99.364240072,0.016818425,0.9521,0.0000,HEALTHY,0.0000,HEALTHY,0.0000,True
442212,2026-04-19 21:18,0,0.0,0.0,309.985945071,0.019093435,0.9521,0.0000,HEALTHY,0.0000,HEALTHY,0.0000,True
442213,2026-04-19 21:36,0,0.0,0.0,0.0,0.014910179,0.9521,0.0000,HEALTHY,0.0000,HEALTHY,0.0000,False
442214,2026-04-19 21:31,0,0.0,0.0,183.107394262,0.011473444,0.9521,0.0000,HEALTHY,0.0000,HEALTHY,0.0000,True
442215,2026-04-19 21:37,0,0.0,0.0,183.299528974,0.026486233,0.9521,0.0000,HEALTHY,0.0000,HEALTHY,0.0000,True
442216,2026-04-19 21:43,0,0.0,0.0,299.46888924900003,0.009524256,0.9521,0.0000,HEALTHY,0.0000,HEALTHY,0.0000,True
442217,2026-04-19 21:49,0,0.0,0.0,259.19513090500004,0.025126229,0.9521,0.0000,HEALTHY,0.0000,HEALTHY,0.0000,True
442218,2026-04-19 21:56,0,0.0,0.0,222.772830314,0.017416481,0.9521,0.0000,HEALTHY,0.0000,HEALTHY,0.0000,True
442219,2026-04-19 22:02,0,0.0,0.0,301.69538504,0.019962513,0.9521,0.0000,HEALTHY,0.0000,HEALTHY,0.0000,True
442220,2026-04-19 22:08,0,0.0,0.0,0.45620461900000003,0.024234066,0.9521,0.0000,HEALTHY,0.0000,HEALTHY,0.0000,True
442221,2026-04-19 22:15,0,0.0,0.0,3.2109592040000003,0.020851424,0.9521,0.0000,HEALTHY,0.0000,HEALTHY,0.0000,True
442222,2026-04-19 22:23,0,0.0,0.0,1.6990494440000001,0.019209626,0.9521,0.0000,HEALTHY,0.0000,HEALTHY,0.0000,True
442223,2026-04-19 22:29,0,0.0,0.0,2.607765114,0.011809733,0.9521,0.0000,HEALTHY,0.0000,HEALTHY,0.0000,True
442224,2026-04-19 22:35,0,0.0,0.0,3.702440118,0.011860428,0.9521,0.0000,HEALTHY,0.0000,HEALTHY,0.0000,True
442225,2026-04-19 22:47,0,0.0,0.0,3.0500093930000003,0.010845675,0.9521,0.0000,HEALTHY,0.0000,HEALTHY,0.0000,True
442226,2026-04-19 22:54,0,0.0,0.0,1793.087234644,0.016392935,0.9521,0.0000,HEALTHY,0.0000,HEALTHY,0.0000,True
442227,2026-04-19 23:00,0,0.0,0.0,258.927769415,0.016836912,0.9521,0.0000,HEALTHY,0.0000,HEALTHY,0.0000,True
442228,2026-04-19 23:06,0,0.0,0.0,259.794678776,0.015596917,0.9521,0.0000,HEALTHY,0.0000,HEALTHY,0.0000,True
442229,2026-04-19 23:13,0,0.0,0.0,234.699635456,0.011817079,0.9521,0.0000,HEALTHY,0.0000,HEALTHY,0.0000,True
442230,2026-04-19 23:19,0,0.0,0.0,258.561332884,0.002241049,0.9521,0.0000,HEALTHY,0.0000,HEALTHY,0.0000,True
442231,2026-04-19 23:26,0,0.0,0.0,259.922683028,0.017311302,0.9521,0.0000,HEALTHY,0.0000,HEALTHY,0.0000,True
442232,2026-04-19 23:32,0,0.0,0.0,259.426204395,0.015756175,0.9521,0.0000,HEALTHY,0.0000,HEALTHY,0.0000,True
442233,2026-04-19 23:39,0,0.0,0.0,2.5714436920000003,0.007197551,0.9521,0.0000,HEALTHY,0.0000,HEALTHY,0.0000,True
442234,2026-04-19 23:45,0,0.0,0.0,2.772462893,0.018164073,0.9521,0.0000,HEALTHY,0.0000,HEALTHY,0.0000,True
442235,2026-04-19 23:51,0,0.0,0.0,2.956985737,0.010704165,0.9521,0.0000,HEALTHY,0.0000,HEALTHY,0.0000,True
442236,2026-04-19 23:58,0,0.0,0.0,2.971493643,0.012535924,0.9521,0.0000,HEALTHY,0.0000,HEALTHY,0.0000,True
442237,2026-04-20 00:04,0,0.0,0.0,1211.311555666,0.010714356,0.9521,0.0000,HEALTHY,0.0000,HEALTHY,0.0000,True
442238,2026-04-20 00:16,0,0.0,0.0,0.0,0.004479914,0.9521,0.0000,HEALTHY,0.0000,HEALTHY,0.0000,False
442239,2026-04-20 00:17,0,0.0,0.0,3.4806891540000002,0.010192767,0.9521,0.0000,HEALTHY,0.0000,HEALTHY,0.0000,True
442240,2026-04-20 00:23,0,0.0,0.0,3.374090642,0.004218882,0.9521,0.0000,HEALTHY,0.0000,HEALTHY,0.0000,True
442241,2026-04-20 00:30,0,0.0,0.0,3.7919759650000002,0.011891185,0.9521,0.0000,HEALTHY,0.0000,HEALTHY,0.0000,True
442242,2026-04-20 00:36,0,0.0,0.0,3.345344372,0.009278184,0.9521,0.0000,HEALTHY,0.0000,HEALTHY,0.0000,True
442243,2026-04-20 00:43,0,0.0,0.0,3.3319504600000003,0.009626196,0.9521,0.0000,HEALTHY,0.0000,HEALTHY,0.0000,True
442244,2026-04-20 00:49,0,0.0,0.0,3.8311764380000004,0.009873414,0.9521,0.0000,HEALTHY,0.0000,HEALTHY,0.0000,True
442245,2026-04-20 00:56,0,0.0,0.0,2051.451989834,0.008711725,0.9521,0.0000,HEALTHY,0.0000,HEALTHY,0.0000,True
442246,2026-04-20 01:06,0,0.0,0.0,3.782399283,0.009332409,0.9521,0.0000,HEALTHY,0.0000,HEALTHY,0.0000,True
442248,2026-04-20 01:19,0,0.0,0.0,8.738306145000001,0.003363352,0.9521,0.0000,HEALTHY,0.0000,HEALTHY,0.0000,True
442250,2026-04-20 01:36,0,0.0,0.0,1368.413647479,0.009509049,0.9521,0.0000,HEALTHY,0.0000,HEALTHY,0.0000,True
442252,2026-04-20 01:55,0,0.0,0.0,353.189233452,0.011035331,0.9521,0.0000,HEALTHY,0.0000,HEALTHY,0.0000,True
442255,2026-04-20 02:14,0,0.0,0.0,778.3125827790001,0.011501978,0.9521,0.0000,HEALTHY,0.0000,HEALTHY,0.0000,True
442258,2026-04-20 02:33,0,0.0,0.0,788.91859191,0.008666136,0.9521,0.0000,HEALTHY,0.0000,HEALTHY,0.0000,True
442261,2026-04-20 02:53,0,0.0,0.0,785.637911798,0.013193683,0.9521,0.0000,HEALTHY,0.0000,HEALTHY,0.0000,True
442264,2026-04-20 03:12,0,0.0,0.0,722.410905831,0.002121314,0.9521,0.0000,HEALTHY,0.0000,HEALTHY,0.0000,True
442267,2026-04-20 03:31,0,0.0,0.0,8.449518806,0.005954952,0.9521,0.0000,HEALTHY,0.0000,HEALTHY,0.0000,True
442270,2026-04-20 03:50,0,0.0,0.0,10.792522528000001,0.007009443,0.9521,0.0000,HEALTHY,0.0000,HEALTHY,0.0000,True
442273,2026-04-20 04:10,0,0.0,0.0,776.3220597860001,0.002867359,0.9521,0.0000,HEALTHY,0.0000,HEALTHY,0.0000,True
442276,2026-04-20 04:29,0,0.0,0.0,9.165212209,0.007485588,0.9521,0.0000,HEALTHY,0.0000,HEALTHY,0.0000,True
442279,2026-04-20 04:48,0,0.0,0.0,0.0,0.009272326,0.9521,0.0000,HEALTHY,0.0000,HEALTHY,0.0000,False
442282,2026-04-20 05:01,0,0.0,0.0,0.0,0.011101129,0.9521,0.0000,HEALTHY,0.0000,HEALTHY,0.0000,False
442284,2026-04-20 05:14,0,0.0,0.0,6.755655498,0.020407942,0.9521,0.0000,HEALTHY,0.0000,HEALTHY,0.0000,True
442286,2026-04-20 05:26,0,0.0,0.0,0.0,0.018510621,0.9521,0.0000,HEALTHY,0.0000,HEALTHY,0.0000,False
442288,2026-04-20 05:39,0,0.0,0.0,0.0,0.016907889,0.9521,0.0000,HEALTHY,0.0000,HEALTHY,0.0000,False
442290,2026-04-20 05:58,0,0.0,0.0,0.0,0.012441912,0.9521,0.0000,HEALTHY,0.0000,HEALTHY,0.0000,False
442293,2026-04-20 06:17,0,0.0,0.0,1140.796250841,0.015169638,0.9521,0.0000,HEALTHY,0.0000,HEALTHY,0.0000,True
442296,2026-04-20 06:30,0,0.0,0.0,0.0,0.014427198,0.9521,0.0000,HEALTHY,0.0000,HEALTHY,0.0000,False
442298,2026-04-20 06:49,0,0.0,0.0,16.644699377000002,0.010402542,0.9521,0.0000,HEALTHY,0.0000,HEALTHY,0.0000,True
442301,2026-04-20 06:58,0,0.0,0.0,1828.294630967,0.010118052,0.9521,0.0000,HEALTHY,0.0000,HEALTHY,0.0000,True
442303,2026-04-20 07:15,0,0.0,0.0,20.695700642000002,0.00869071,0.9521,0.0000,HEALTHY,0.0000,HEALTHY,0.0000,True
442305,2026-04-20 07:28,0,0.0,0.0,21.872454559,0.044311349,0.9521,0.0000,HEALTHY,0.0000,HEALTHY,0.0000,True
442307,2026-04-20 07:41,0,0.0,0.0,1823.371407859,0.029170704,0.9521,0.0000,HEALTHY,0.0000,HEALTHY,0.0000,True
442309,2026-04-20 07:53,0,0.0,0.0,0.0,0.022491144,0.9521,0.0000,HEALTHY,0.0000,HEALTHY,0.0000,False
442311,2026-04-20 08:13,0,0.0,0.0,3.1773470570000004,0.009543083,0.9521,0.0000,HEALTHY,0.0000,HEALTHY,0.0000,True
442314,2026-04-20 08:32,0,0.0,0.0,1809.533363404,0.017479992,0.9521,0.0000,HEALTHY,0.0000,HEALTHY,0.0000,True
442317,2026-04-20 08:35,0,0.0,0.0,9.956591508,0.013884759,0.9521,0.0000,HEALTHY,0.0000,HEALTHY,0.0000,True
442318,2026-04-20 08:36,0,0.0,0.0,0.0,0.016916574,0.9521,0.0000,HEALTHY,0.0000,HEALTHY,0.0000,False
442319,2026-04-20 08:43,0,0.0,0.0,1.775368808,0.005214638,0.9521,0.0000,HEALTHY,0.0000,HEALTHY,0.0000,True
442320,2026-04-20 08:55,0,0.0,0.0,2.015459679,0.054384341,0.9521,0.0000,HEALTHY,0.0000,HEALTHY,0.0000,True
442321,2026-04-20 09:02,0,0.0,0.0,1800.7826362120002,0.111994519,0.9521,0.0000,HEALTHY,0.0000,HEALTHY,0.0000,True
442322,2026-04-20 09:08,0,0.0,0.0,3.185043036,0.15547785,0.9521,0.0000,HEALTHY,0.0000,HEALTHY,0.0000,True
442323,2026-04-20 09:15,0,0.0,0.0,3.20420725,0.128191442,0.9521,0.0000,HEALTHY,0.0000,HEALTHY,0.0000,True
442324,2026-04-20 09:21,0,0.0,0.0,0.0,0.119498971,0.9521,0.0000,HEALTHY,0.0000,HEALTHY,0.0000,False
442325,2026-04-20 09:27,0,0.0,0.0,3.128943419,0.099964654,0.9521,0.0000,HEALTHY,0.0000,HEALTHY,0.0000,True
442326,2026-04-20 09:34,0,0.0,0.0,0.0,0.108516082,0.9521,0.0000,HEALTHY,0.0000,HEALTHY,0.0000,False
442327,2026-04-20 09:40,0,0.0,0.0,0.0,0.094714811,0.9521,0.0000,HEALTHY,0.0000,HEALTHY,0.0000,False
442328,2026-04-20 09:47,0,0.0,0.0,1801.404441353,0.140110553,0.9521,0.0000,HEALTHY,0.0000,HEALTHY,0.0000,True
442329,2026-04-20 09:53,0,0.0,0.0,3.9316046910000004,0.138541275,0.9521,0.0000,HEALTHY,0.0000,HEALTHY,0.0000,True
442330,2026-04-20 10:06,0,0.0,0.0,0.289508677,0.074130034,0.9521,0.0000,HEALTHY,0.0000,HEALTHY,0.0000,True
442332,2026-04-20 10:12,0,0.0,0.0,0.0,0.10076707,0.9521,0.0000,HEALTHY,0.0000,HEALTHY,0.0000,False
442333,2026-04-20 10:19,0,0.0,0.0,2.535295769,0.106260894,0.9521,0.0000,HEALTHY,0.0000,HEALTHY,0.0000,True
442334,2026-04-20 10:25,0,0.0,0.0,0.0,0.096599901,0.9521,0.0000,HEALTHY,0.0000,HEALTHY,0.0000,False
442335,2026-04-20 10:31,0,0.0,0.0,1802.9066786330002,0.027594377,0.9521,0.0000,HEALTHY,0.0000,HEALTHY,0.0000,True
442336,2026-04-20 10:38,0,0.0,0.0,0.0,0.087663901,0.9521,0.0000,HEALTHY,0.0000,HEALTHY,0.0000,False
442337,2026-04-20 10:44,0,0.0,0.0,3.007700047,0.092609315,0.9521,0.0000,HEALTHY,0.0000,HEALTHY,0.0000,True
442338,2026-04-20 10:51,0,0.0,0.0,3.3508987030000004,0.087609777,0.9521,0.0000,HEALTHY,0.0000,HEALTHY,0.0000,True
442339,2026-04-20 10:57,0,0.0,0.0,3.4763255500000003,0.086474395,0.9521,0.0000,HEALTHY,0.0000,HEALTHY,0.0000,True
442340,2026-04-20 11:03,0,0.0,0.0,0.0,0.071828969,0.9521,0.0000,HEALTHY,0.0000,HEALTHY,0.0000,False
442341,2026-04-20 11:10,0,0.0,0.0,3.617199131,0.071737563,0.9521,0.0000,HEALTHY,0.0000,HEALTHY,0.0000,True
442342,2026-04-20 11:16,0,0.0,0.0,1803.0186460260002,0.063994664,0.9521,0.0000,HEALTHY,0.0000,HEALTHY,0.0000,True
442343,2026-04-20 11:23,0,0.0,0.0,3.42110408,0.082265184,0.9521,0.0000,HEALTHY,0.0000,HEALTHY,0.0000,True
442344,2026-04-20 11:29,0,0.0,0.0,3.3540425450000004,0.067280391,0.9521,0.0000,HEALTHY,0.0000,HEALTHY,0.0000,True
442345,2026-04-20 11:35,0,0.0,0.0,3.08630452,0.01965924,0.9521,0.0000,HEALTHY,0.0000,HEALTHY,0.0000,True
442346,2026-04-20 11:42,0,0.0,0.0,0.0,0.035252548,0.9521,0.0000,HEALTHY,0.0000,HEALTHY,0.0000,False
442347,2026-04-20 11:48,0,0.0,0.0,0.0,0.04796138,0.9521,0.0000,HEALTHY,0.0000,HEALTHY,0.0000,False
442348,2026-04-20 11:55,0,0.0,0.0,3.384705941,0.054861494,0.9521,0.0000,HEALTHY,0.0000,HEALTHY,0.0000,True
442349,2026-04-20 12:01,0,0.0,0.0,1547.077885702,0.067064916,0.9521,0.0000,HEALTHY,0.0000,HEALTHY,0.0000,True
442350,2026-04-20 12:07,0,0.0,0.0,2.8431677730000002,0.035836555,0.9521,0.0000,HEALTHY,0.0000,HEALTHY,0.0000,True
442351,2026-04-20 12:14,0,0.0,0.0,4.010103711,0.072965131,0.9521,0.0000,HEALTHY,0.0000,HEALTHY,0.0000,True
442352,2026-04-20 12:20,0,0.0,0.0,0.0,0.092806022,0.9521,0.0000,HEALTHY,0.0000,HEALTHY,0.0000,False
442353,2026-04-20 12:27,0,0.0,0.0,2.87565887,0.069706567,0.9521,0.0000,HEALTHY,0.0000,HEALTHY,0.0000,True
442354,2026-04-20 12:33,0,0.0,0.0,0.0,0.074339195,0.9521,0.0000,HEALTHY,0.0000,HEALTHY,0.0000,False
442355,2026-04-20 12:39,0,0.0,0.0,3.49598499,0.027915024,0.9521,0.0000,HEALTHY,0.0000,HEALTHY,0.0000,True
442356,2026-04-20 12:46,0,0.0,0.0,1802.846804301,0.066348925,0.9521,0.0000,HEALTHY,0.0000,HEALTHY,0.0000,True
442357,2026-04-20 12:52,0,0.0,0.0,2.94939543,0.030176896,0.9521,0.0000,HEALTHY,0.0000,HEALTHY,0.0000,True
442358,2026-04-20 12:59,0,0.0,0.0,3.0477795430000003,0.051756648,0.9521,0.0000,HEALTHY,0.0000,HEALTHY,0.0000,True
442359,2026-04-20 13:05,0,0.0,0.0,2.8620610990000004,0.051754572,0.9521,0.0000,HEALTHY,0.0000,HEALTHY,0.0000,True
442360,2026-04-20 13:11,0,0.0,0.0,3.319416555,0.075927578,0.9521,0.0000,HEALTHY,0.0000,HEALTHY,0.0000,True
442361,2026-04-20 13:18,0,0.0,0.0,0.0,0.076557578,0.9521,0.0000,HEALTHY,0.0000,HEALTHY,0.0000,False
442362,2026-04-20 13:24,0,0.0,0.0,3.206589686,0.073358032,0.9521,0.0000,HEALTHY,0.0000,HEALTHY,0.0000,True
442363,2026-04-20 13:31,0,0.0,0.0,1802.95809654,0.111875177,0.9521,0.0000,HEALTHY,0.0000,HEALTHY,0.0000,True
442364,2026-04-20 13:37,0,0.0,0.0,3.67564824,0.154412919,0.9521,0.0000,HEALTHY,0.0000,HEALTHY,0.0000,True
442365,2026-04-20 13:43,0,0.0,0.0,2.772405088,0.335724538,0.9521,0.0000,HEALTHY,0.0000,HEALTHY,0.0000,True
442366,2026-04-20 13:50,0,0.0,0.0,3.0572923170000004,0.245983674,0.9521,0.0000,HEALTHY,0.0000,HEALTHY,0.0000,True
442367,2026-04-20 13:56,0,0.0,0.0,2.912299746,0.352424139,0.9521,0.0000,HEALTHY,0.0000,HEALTHY,0.0000,True
442368,2026-04-20 14:11,0,0.0,0.0,0.0,0.247352779,0.9521,0.0000,HEALTHY,0.0000,HEALTHY,0.0000,False
442370,2026-04-20 14:24,0,0.0,0.0,1680.227590871,0.143991875,0.9521,0.0000,HEALTHY,0.0000,HEALTHY,0.0000,True
442372,2026-04-20 14:37,0,0.0,0.0,6.588160511000001,0.138951259,0.9521,0.0000,HEALTHY,0.0000,HEALTHY,0.0000,True
442374,2026-04-20 14:49,0,0.0,0.0,5.7842926320000005,0.074019469,0.9521,0.0000,HEALTHY,0.0000,HEALTHY,0.0000,True
442376,2026-04-20 15:02,0,0.0,0.0,0.0,0.074640308,0.9521,0.0000,HEALTHY,0.0000,HEALTHY,0.0000,False
442380,2026-04-20 15:28,0,0.0,0.0,0.0,0.090686748,0.9521,0.0000,HEALTHY,0.0000,HEALTHY,0.0000,False
442382,2026-04-20 15:31,0,0.0,0.0,0.0,0.082408623,0.9521,0.0000,HEALTHY,0.0000,HEALTHY,0.0000,False
442383,2026-04-20 15:33,0,0.0,0.0,7.6488031020000005,0.076410063,0.9521,0.0000,HEALTHY,0.0000,HEALTHY,0.0000,True
442384,2026-04-20 15:39,0,0.0,0.0,1803.4340112660002,0.083759799,0.9521,0.0000,HEALTHY,0.0000,HEALTHY,0.0000,True
442385,2026-04-20 15:51,0,0.0,0.0,3.4752261100000004,0.068718285,0.9521,0.0000,HEALTHY,0.0000,HEALTHY,0.0000,True
442386,2026-04-20 15:58,0,0.0,0.0,0.9840928270000001,0.063930716,0.9521,0.0000,HEALTHY,0.0000,HEALTHY,0.0000,True
442387,2026-04-20 16:04,0,0.0,0.0,2.495962746,0.068844302,0.9521,0.0000,HEALTHY,0.0000,HEALTHY,0.0000,True
442388,2026-04-20 16:11,0,0.0,0.0,3.0514578670000003,0.053340915,0.9521,0.0000,HEALTHY,0.0000,HEALTHY,0.0000,True
442389,2026-04-20 16:17,0,0.0,0.0,0.0,0.051375113,0.9521,0.0000,HEALTHY,0.0000,HEALTHY,0.0000,False
442390,2026-04-20 16:23,0,0.0,0.0,3.677233288,0.076420865,0.9521,0.0000,HEALTHY,0.0000,HEALTHY,0.0000,True
442391,2026-04-20 16:26,0,0.0,0.0,1803.539818446,0.047375286,0.9521,0.0000,HEALTHY,0.0000,HEALTHY,0.0000,True
442392,2026-04-20 16:30,0,0.0,0.0,4.689988352,0.059227221,0.9521,0.0000,HEALTHY,0.0000,HEALTHY,0.0000,True
442393,2026-04-20 16:37,0,0.0,0.0,3.693069341,0.069682722,0.9521,0.0000,HEALTHY,0.0000,HEALTHY,0.0000,True
442394,2026-04-20 16:43,0,0.0,0.0,3.178438888,0.059859833,0.9521,0.0000,HEALTHY,0.0000,HEALTHY,0.0000,True
442395,2026-04-20 16:49,0,0.0,0.0,0.0,0.07417768,0.9521,0.0000,HEALTHY,0.0000,HEALTHY,0.0000,False
442396,2026-04-20 16:56,0,0.0,0.0,0.0,0.074760762,0.9521,0.0000,HEALTHY,0.0000,HEALTHY,0.0000,False
442397,2026-04-20 17:02,0,0.0,0.0,3.110756694,0.085382828,0.9521,0.0000,HEALTHY,0.0000,HEALTHY,0.0000,True
