date,wallet,steth_balance,alpha_hat,signal_s,lambda_hat
2021-01-01,0x97960149...,0.9893,1.0,,
2021-04-02,0x97960149...,2623.1967,1.0,-0.017921,3.0
2021-04-23,0x75a03ec2...,0.1216,1.0,0.034187,2.7729
2021-04-30,0x75a03ec2...,0.1218,1.0,-0.008935,3.0
2021-05-07,0x75a03ec2...,0.1219,1.0,-0.000627,3.0
2021-06-25,0xf3ae3bbd...,714.0468,1.0,0.001373,2.9905
2021-06-25,0x75a03ec2...,0.1229,1.0,0.001373,2.9905
2021-07-16,0xf3ae3bbd...,716.3233,1.0,-0.00507,3.0
2021-07-30,0x97960149...,10.0184,1.0,0.002671,2.9816
2021-07-30,0x09822463...,0.0155,1.0,0.002671,2.9816
2021-07-30,0x44bdb19d...,500.5565,1.0,0.002671,2.9816
2021-08-06,0x09822463...,0.0155,1.0,-0.000249,3.0
2021-08-20,0x86fb84e9...,87.4594,1.0,-0.007593,3.0
2021-08-20,0xf3ae3bbd...,300.9985,0.4202,-0.007593,7.1395
2021-09-03,0x86fb84e9...,87.6114,1.0,0.005594,2.9616
2021-09-03,0x75a03ec2...,0.1242,1.0,0.005594,2.9616
2021-09-03,0xc8034cd0...,6.015,1.0,0.005594,2.9616
2021-09-17,0x86fb84e9...,87.77,1.0,0.010264,2.9299
2021-10-01,0x97960149...,10.1061,1.0,0.010606,2.9276
2021-10-01,0x09822463...,0.0156,1.0,0.010606,2.9276
2021-10-08,0x75a03ec2...,0.1248,1.0,0.00616,2.9578
2021-10-08,0x97960149...,10.1171,1.0,0.00616,2.9578
2021-10-15,0x97960149...,10.1263,1.0,0.005192,2.9643
2021-10-15,0x09822463...,0.0156,1.0,0.005192,2.9643
2021-10-29,0x75a03ec2...,0.1251,1.0,0.007908,2.9459
2021-11-05,0x09822463...,0.0157,1.0,0.011787,2.9197
2021-11-12,0x09822463...,0.0157,1.0,0.003444,2.9763
2021-11-12,0xab917dab...,1336.3938,1.0,0.003444,2.9763
2021-11-19,0x2faf487a...,37019.0993,1.0,0.013761,2.9064
2021-11-19,0x0c67f4ff...,2547.5819,1.0,0.013761,2.9064
2021-11-26,0xeb9c1ce8...,6007.5966,1.0,0.004322,2.9703
2021-11-26,0x97960149...,10.1847,1.0,0.004322,2.9703
2021-12-03,0x0c67f4ff...,2552.3376,1.0,0.000464,2.9968
2021-12-03,0x75a03ec2...,0.1257,1.0,0.000464,2.9968
2021-12-03,0x09822463...,0.0157,1.0,0.000464,2.9968
2021-12-10,0x0c67f4ff...,2555.051,1.0,0.003835,2.9736
2021-12-10,0xeb9c1ce8...,6019.5584,1.0,0.003835,2.9736
2021-12-24,0xeb9c1ce8...,6030.8372,1.0,0.005682,2.961
2021-12-31,0x6cf9aa65...,10.0399,1.0,0.004666,2.9679
2021-12-31,0x2faf487a...,44996.3201,1.0,0.004666,2.9679
2021-12-31,0x3c68de74...,5602.9238,1.0,0.004666,2.9679
2022-01-14,0x6cf9aa65...,10.0582,1.0,0.002807,2.9807
2022-01-14,0x2faf487a...,6638.4903,0.1475,0.002807,15.0
2022-01-14,0x06601571...,0.031,1.0,0.002807,2.9807
2022-01-14,0x3c68de74...,5613.1136,1.0,0.002807,2.9807
2022-01-14,0x97960149...,10.2521,1.0,0.002807,2.9807
2022-01-14,0x5aa7953b...,2223.8562,1.0,0.002807,2.9807
2022-01-14,0xab917dab...,2598.3057,1.0,0.002807,2.9807
2022-01-14,0x8e9741f2...,240.0608,1.0,0.002807,2.9807
2022-01-21,0x2faf487a...,9961.3818,0.2214,0.001111,13.5166
2022-01-21,0x06601571...,0.031,1.0,0.001111,2.9923
2022-01-21,0x75a03ec2...,0.1266,1.0,0.001111,2.9923
2022-01-21,0x3c68de74...,5618.1478,1.0,0.001111,2.9923
2022-01-21,0x97960149...,10.2613,1.0,0.001111,2.9923
2022-01-21,0xbe6db5f6...,1000.767,1.0,0.001111,2.9923
2022-01-21,0x09822463...,0.0158,1.0,0.001111,2.9923
2022-01-21,0x8e9741f2...,240.2761,1.0,0.001111,2.9923
2022-01-28,0x5f8f52dd...,1.0008,1.0,-0.005419,3.0
2022-01-28,0x06601571...,0.031,1.0,-0.005419,3.0
2022-01-28,0xeb9c1ce8...,6058.1865,1.0,-0.005419,3.0
2022-01-28,0xca4900af...,3714.2884,1.0,-0.005419,3.0
2022-02-11,0x0c67f4ff...,2576.0055,1.0,0.001411,2.9903
2022-02-11,0xbe6db5f6...,1203.4873,1.0,0.001411,2.9903
2022-02-11,0x5aa7953b...,2439.2087,1.0,0.001411,2.9903
2022-02-18,0x2faf487a...,2901.9777,0.0645,-0.003025,15.0
2022-02-18,0x75a03ec2...,0.127,1.0,-0.003025,3.0
2022-02-18,0x97960149...,10.2978,1.0,-0.003025,3.0
2022-02-18,0x8cca4b44...,3724.6031,1.0,-0.003025,3.0
2022-02-25,0x75a03ec2...,0.1271,1.0,0.00226,2.9844
2022-02-25,0x3c68de74...,5643.682,1.0,0.00226,2.9844
2022-03-04,0xed0eebb4...,4051.2642,1.0,0.001029,2.9929
2022-03-04,0x3c68de74...,5648.4841,1.0,0.001029,2.9929
2022-03-04,0x81bf3b80...,5001.8089,1.0,0.001029,2.9929
2022-03-04,0x97960149...,10.3167,1.0,0.001029,2.9929
2022-03-04,0xbe6db5f6...,1211.1763,1.0,0.001029,2.9929
2022-03-04,0xbcc0060d...,1184.3035,1.0,0.001029,2.9929
2022-03-04,0x8e9741f2...,288.6972,1.0,0.001029,2.9929
2022-03-11,0x6cf9aa65...,10.1297,1.0,0.000838,2.9942
2022-03-11,0x2faf487a...,3229.1682,0.0718,0.000838,15.0
2022-03-11,0x0c67f4ff...,12178.9945,1.0,0.000838,2.9942
2022-03-11,0x75a03ec2...,0.1273,1.0,0.000838,2.9942
2022-03-11,0xed0eebb4...,4054.5199,1.0,0.000838,2.9942
2022-03-11,0xeb9c1ce8...,6090.3517,1.0,0.000838,2.9942
2022-03-11,0x8cca4b44...,3734.4559,1.0,0.000838,2.9942
2022-03-11,0xca4900af...,3734.009,1.0,0.000838,2.9942
2022-03-11,0x70d893a5...,3252.8559,1.0,0.000838,2.9942
2022-03-11,0x7f3f5420...,4745.5796,1.0,0.000838,2.9942
2022-03-18,0x5f8f52dd...,601.6887,1.0,0.001081,2.9925
2022-03-18,0x11036bcc...,10006.3781,1.0,0.001081,2.9925
2022-03-18,0x75a03ec2...,0.1274,1.0,0.001081,2.9925
2022-03-18,0xca4900af...,3736.7932,1.0,0.001081,2.9925
2022-03-18,0xab917dab...,4288.3114,1.0,0.001081,2.9925
2022-03-25,0x0c67f4ff...,12197.392,1.0,0.00072,2.995
2022-03-25,0x75a03ec2...,0.1275,1.0,0.00072,2.995
2022-03-25,0x3c68de74...,5661.5628,1.0,0.00072,2.995
2022-03-25,0x916792f7...,1185.1278,1.0,0.00072,2.995
2022-03-25,0x97960149...,10.3406,1.0,0.00072,2.995
2022-03-25,0xca4900af...,3739.6495,1.0,0.00072,2.995
2022-03-25,0x70d893a5...,3257.7697,1.0,0.00072,2.995
2022-03-25,0xbcc0060d...,3190.7089,1.0,0.00072,2.995
2022-03-25,0x439cac14...,2690.7734,1.0,0.00072,2.995
2022-04-01,0x5f8f52dd...,602.604,1.0,0.000271,2.9981
2022-04-01,0x06601571...,0.0313,1.0,0.000271,2.9981
2022-04-01,0x916792f7...,1186.0241,1.0,0.000271,2.9981
2022-04-01,0xeb9c1ce8...,8108.7002,1.0,0.000271,2.9981
2022-04-01,0x97960149...,10.3484,1.0,0.000271,2.9981
2022-04-01,0xbe6db5f6...,2223.4557,1.0,0.000271,2.9981
2022-04-01,0x8cca4b44...,3742.9255,1.0,0.000271,2.9981
2022-04-01,0x439cac14...,2699.0604,1.0,0.000271,2.9981
2022-04-01,0x248e3f66...,3117.6023,1.0,0.000271,2.9981
2022-04-08,0x6cf9aa65...,10.1503,1.0,0.000864,2.994
2022-04-08,0x5f8f52dd...,603.0551,1.0,0.000864,2.994
2022-04-08,0x11036bcc...,10029.102,1.0,0.000864,2.994
2022-04-08,0x3c68de74...,11356.062,1.0,0.000864,2.994
2022-04-08,0xeb9c1ce8...,8114.7706,1.0,0.000864,2.994
2022-04-15,0xed0eebb4...,5072.8672,1.0,0.000981,2.9932
2022-04-15,0x3c68de74...,11365.6422,1.0,0.000981,2.9932
2022-04-15,0x97960149...,10.3649,1.0,0.000981,2.9932
2022-04-15,0xbe6db5f6...,2230.0002,1.0,0.000981,2.9932
2022-04-15,0x8cca4b44...,3748.8875,1.0,0.000981,2.9932
2022-04-15,0x09822463...,1154.5693,1.0,0.000981,2.9932
2022-04-15,0x69048d4d...,3311.4583,1.0,0.000981,2.9932
2022-04-15,0x70d893a5...,3265.4264,1.0,0.000981,2.9932
2022-04-15,0x5aa7953b...,3248.9154,1.0,0.000981,2.9932
2022-04-15,0x439cac14...,2710.4703,1.0,0.000981,2.9932
2022-04-22,0x6cf9aa65...,10.1663,1.0,0.00141,2.9903
2022-04-22,0x5f8f52dd...,604.0082,1.0,0.00141,2.9903
2022-04-22,0x11036bcc...,10044.9522,1.0,0.00141,2.9903
2022-04-22,0x81bf3b80...,5028.8727,1.0,0.00141,2.9903
2022-04-22,0x3a36f617...,2938.1092,1.0,0.00141,2.9903
2022-04-22,0x248e3f66...,2468.4175,0.7918,0.00141,3.7767
2022-04-29,0x8cca4b44...,3754.2925,1.0,-0.000142,3.0
2022-04-29,0xca4900af...,3753.8431,1.0,-0.000142,3.0
2022-04-29,0x70d893a5...,3270.1343,1.0,-0.000142,3.0
2022-04-29,0x3a36f617...,2940.1807,1.0,-0.000142,3.0
2022-04-29,0xab917dab...,4307.8778,1.0,-0.000142,3.0
2022-04-29,0x439cac14...,2713.5676,1.0,-0.000142,3.0
2022-04-29,0x7f3f5420...,4770.787,1.0,-0.000142,3.0
2022-05-06,0x6cf9aa65...,60756.7027,1.0,0.001404,2.9903
2022-05-06,0x2faf487a...,9842.1141,1.0,0.001404,2.9903
2022-05-06,0x5f8f52dd...,604.8527,1.0,0.001404,2.9903
2022-05-06,0x86fb84e9...,16999.7268,1.0,0.001404,2.9903
2022-05-06,0x39d787fd...,0.0086,1.0,0.001404,2.9903
2022-05-06,0x0c67f4ff...,8326.7741,0.6827,0.001404,4.3803
2022-05-06,0xe8e8f41e...,11042.551,1.0,0.001404,2.9903
2022-05-06,0x7902d79a...,1890.3498,1.0,0.001404,2.9903
2022-05-06,0xed0eebb4...,6048.8255,1.0,0.001404,2.9903
2022-05-06,0x3c68de74...,11389.9107,1.0,0.001404,2.9903
2022-05-06,0x4f58985b...,251.7383,1.0,0.001404,2.9903
2022-05-06,0x3da0ca6c...,4351.4331,1.0,0.001404,2.9903
2022-05-06,0x44bdb19d...,3357.9629,1.0,0.001404,2.9903
2022-05-06,0x5aa7953b...,3255.8526,1.0,0.001404,2.9903
2022-05-06,0x248e3f66...,2612.0207,0.8378,0.001404,3.5691
2022-05-13,0x6cf9aa65...,46147.7318,0.7595,0.01816,3.788
2022-05-13,0x2faf487a...,10005.9364,1.0,0.01816,2.8771
2022-05-13,0x5f8f52dd...,605.3521,1.0,0.01816,2.8771
2022-05-13,0x11036bcc...,10067.301,1.0,0.01816,2.8771
2022-05-13,0x0c67f4ff...,7333.2316,0.6012,0.01816,4.7856
2022-05-13,0x1c11ba15...,5077.7518,1.0,0.01816,2.8771
2022-05-13,0xfdd86a96...,5900.3267,1.0,0.01816,2.8771
2022-05-13,0x75a03ec2...,10254.3881,1.0,0.01816,2.8771
2022-05-13,0xeb9c1ce8...,11153.9308,1.0,0.01816,2.8771
2022-05-13,0xe46530f4...,4942.2507,1.0,0.01816,2.8771
2022-05-13,0xa4dfe02d...,3547.5243,1.0,0.01816,2.8771
2022-05-20,0x3a351835...,2907.4516,1.0,0.017891,2.8789
2022-05-20,0x91fbe8a4...,2782.0388,1.0,0.017891,2.8789
2022-05-20,0x7f3f5420...,2778.692,0.5824,0.017891,4.9429
2022-05-27,0x5f8f52dd...,606.3456,1.0,0.02665,2.8214
2022-05-27,0x11036bcc...,10083.8241,1.0,0.02665,2.8214
2022-05-27,0x86fb84e9...,17041.6874,1.0,0.02665,2.8214
2022-05-27,0x39d787fd...,0.0086,1.0,0.02665,2.8214
2022-05-27,0x06601571...,15363.6542,1.0,0.02665,2.8214
2022-05-27,0xfdd86a96...,5910.0107,1.0,0.02665,2.8214
2022-05-27,0x3eb01b33...,9640.2873,1.0,0.02665,2.8214
2022-05-27,0x7902d79a...,8316.8158,1.0,0.02665,2.8214
2022-05-27,0x8d8b9c79...,8270.53,1.0,0.02665,2.8214
2022-05-27,0xed0eebb4...,6063.7559,1.0,0.02665,2.8214
2022-05-27,0xe134e3fb...,5962.2116,1.0,0.02665,2.8214
2022-05-27,0x3c68de74...,11418.0245,1.0,0.02665,2.8214
2022-05-27,0x81bf3b80...,5048.3334,1.0,0.02665,2.8214
2022-05-27,0x97960149...,4830.6709,1.0,0.02665,2.8214
2022-05-27,0x3da0ca6c...,4362.1738,1.0,0.02665,2.8214
2022-05-27,0xa4dfe02d...,3903.4113,1.0,0.02665,2.8214
2022-05-27,0x8cca4b44...,3766.1655,1.0,0.02665,2.8214
2022-05-27,0x69048d4d...,3326.7202,1.0,0.02665,2.8214
2022-05-27,0xc2f0f2b0...,3243.5364,1.0,0.02665,2.8214
2022-05-27,0xbcc0060d...,3212.948,1.0,0.02665,2.8214
2022-05-27,0x3a36f617...,2949.4791,1.0,0.02665,2.8214
2022-05-27,0x91fbe8a4...,2784.4887,1.0,0.02665,2.8214
2022-05-27,0x7f3f5420...,2781.1389,0.583,0.02665,4.8399
2022-05-27,0x248e3f66...,2708.5571,0.8688,0.02665,3.2475
2022-06-03,0x41318419...,0.2871,1.0,0.021095,2.8578
2022-06-03,0xeaa77236...,69373.4382,1.0,0.021095,2.8578
2022-06-03,0x7ccd3bef...,54139.0155,1.0,0.021095,2.8578
2022-06-03,0xca2c8b76...,54111.9638,1.0,0.021095,2.8578
2022-06-03,0x39d787fd...,13763.4758,1.0,0.021095,2.8578
2022-06-03,0x06601571...,15375.4819,1.0,0.021095,2.8578
2022-06-03,0x0c67f4ff...,11685.9049,0.9581,0.021095,2.9828
2022-06-03,0x1c11ba15...,9177.2472,1.0,0.021095,2.8578
2022-06-03,0x75a03ec2...,10279.1256,1.0,0.021095,2.8578
2022-06-03,0x8d8b9c79...,2.0819,0.0003,0.021095,
2022-06-03,0x11986f42...,6165.7949,1.0,0.021095,2.8578
2022-06-03,0xed0eebb4...,6068.424,1.0,0.021095,2.8578
2022-06-03,0xe134e3fb...,5960.9018,0.9998,0.021095,2.8584
2022-06-03,0x81bf3b80...,5052.2198,1.0,0.021095,2.8578
2022-06-03,0x09822463...,3527.7463,1.0,0.021095,2.8578
2022-06-03,0x44bdb19d...,3363.8363,1.0,0.021095,2.8578
2022-06-03,0x69048d4d...,3329.2813,1.0,0.021095,2.8578
2022-06-03,0xc2f0f2b0...,3244.0327,1.0,0.021095,2.8578
2022-06-03,0xbcc0060d...,3215.4215,1.0,0.021095,2.8578
2022-06-10,0x9bdb521a...,88498.1908,1.0,0.028084,2.8121
2022-06-10,0xeaa77236...,67432.3511,0.972,0.028084,2.8931
2022-06-10,0x7ccd3bef...,54186.2755,1.0,0.028084,2.8121
2022-06-10,0x2faf487a...,86832.3979,1.0,0.028084,2.8121
2022-06-10,0x5f8f52dd...,25241.7587,1.0,0.028084,2.8121
2022-06-10,0x39d787fd...,16025.4506,1.0,0.028084,2.8121
2022-06-10,0xdb7030be...,11300.6666,1.0,0.028084,2.8121
2022-06-10,0xe8e8f41e...,11088.0001,1.0,0.028084,2.8121
2022-06-10,0x69ecc396...,10781.0979,1.0,0.028084,2.8121
2022-06-10,0x7f3f5420...,2785.7096,0.5839,0.028084,4.8161
2022-06-17,0x6cf9aa65...,58746.5643,0.9669,0.055522,2.7303
2022-06-17,0x5aa7953b...,3272.4529,1.0,0.055522,2.64
2022-06-17,0xbcc0060d...,3221.3782,1.0,0.055522,2.64
2022-06-17,0x3a36f617...,2957.218,1.0,0.055522,2.64
2022-06-17,0x7f3f5420...,2788.4362,0.5845,0.055522,4.5168
2022-06-17,0x248e3f66...,2713.7154,0.8704,0.055522,3.0329
2022-06-24,0xeaa77236...,69552.8202,1.0,0.046871,2.6931
2022-06-24,0x6cf9aa65...,56790.4855,0.9347,0.046871,2.8812
2022-06-24,0x5f8f52dd...,25285.6339,1.0,0.046871,2.6931
2022-06-24,0x39d787fd...,16541.7481,1.0,0.046871,2.6931
2022-06-24,0x0c67f4ff...,17301.7038,1.0,0.046871,2.6931
2022-06-24,0x1ca861c0...,12633.2035,1.0,0.046871,2.6931
2022-06-24,0xdb7030be...,11320.3094,1.0,0.046871,2.6931
2022-06-24,0xe8e8f41e...,11107.2733,1.0,0.046871,2.6931
2022-06-24,0x69ecc396...,10853.7393,1.0,0.046871,2.6931
2022-06-24,0x75a03ec2...,10305.9814,1.0,0.046871,2.6931
2022-06-24,0x12b5c919...,9721.6753,1.0,0.046871,2.6931
2022-06-24,0x648332cd...,9916.2613,1.0,0.046871,2.6931
2022-06-24,0x7902d79a...,8903.0022,1.0,0.046871,2.6931
2022-06-24,0x1d65e5bb...,8317.8126,1.0,0.046871,2.6931
2022-06-24,0xd0ed2d0b...,12239.5502,1.0,0.046871,2.6931
2022-06-24,0x11986f42...,6181.904,1.0,0.046871,2.6931
2022-06-24,0xed0eebb4...,6084.2787,1.0,0.046871,2.6931
2022-06-24,0xe134e3fb...,5960.9118,0.9998,0.046871,2.6937
2022-06-24,0x2bb7d1c7...,6188.4992,1.0,0.046871,2.6931
2022-06-24,0x81bf3b80...,5065.4195,1.0,0.046871,2.6931
2022-06-24,0xbe6db5f6...,4270.5305,1.0,0.046871,2.6931
2022-06-24,0xa4dfe02d...,3916.6224,1.0,0.046871,2.6931
2022-06-24,0xf30b7d42...,3747.3636,1.0,0.046871,2.6931
2022-06-24,0xca4900af...,3778.4598,1.0,0.046871,2.6931
2022-06-24,0x09822463...,3536.9631,1.0,0.046871,2.6931
2022-06-24,0x44bdb19d...,3370.6246,1.0,0.046871,2.6931
2022-06-24,0x69048d4d...,3337.9796,1.0,0.046871,2.6931
2022-06-24,0x70d893a5...,3291.579,1.0,0.046871,2.6931
2022-06-24,0x3a36f617...,2959.4617,1.0,0.046871,2.6931
2022-06-24,0x8e9741f2...,3063.5446,1.0,0.046871,2.6931
2022-06-24,0x91fbe8a4...,2793.9128,1.0,0.046871,2.6931
2022-06-24,0x4c5db457...,2746.2791,1.0,0.046871,2.6931
2022-06-24,0x7f3f5420...,2790.5517,0.5849,0.046871,4.6042
2022-07-01,0x41318419...,410557.5725,1.0,0.040735,2.7314
2022-07-01,0x5f8f52dd...,25304.8669,1.0,0.040735,2.7314
2022-07-01,0x570154c8...,18629.2471,1.0,0.040735,2.7314
2022-07-01,0xfdd86a96...,13452.2617,1.0,0.040735,2.7314
2022-07-01,0x69ecc396...,10868.0022,1.0,0.040735,2.7314
2022-07-01,0xbc64bde4...,10564.561,1.0,0.040735,2.7314
2022-07-01,0x12b5c919...,10035.9331,1.0,0.040735,2.7314
2022-07-01,0x3eb01b33...,9680.2725,1.0,0.040735,2.7314
2022-07-01,0x3771f3f0...,5173.4011,1.0,0.040735,2.7314
2022-07-01,0xeb9c1ce8...,11218.5767,1.0,0.040735,2.7314
2022-07-01,0x3a351835...,3995.9773,1.0,0.040735,2.7314
2022-07-01,0x8cca4b44...,3781.7865,1.0,0.040735,2.7314
2022-07-01,0x8f38831a...,3591.1913,1.0,0.040735,2.7314
2022-07-01,0x09822463...,3539.6534,1.0,0.040735,2.7314
2022-07-01,0xd8b388b9...,3313.6759,1.0,0.040735,2.7314
2022-07-01,0xab917dab...,5592.5585,1.0,0.040735,2.7314
2022-07-08,0x41318419...,410868.2205,1.0,0.026966,2.8194
2022-07-08,0x9bdb521a...,88786.5793,1.0,0.026966,2.8194
2022-07-08,0x6cf9aa65...,56876.6854,0.9361,0.026966,3.0117
2022-07-08,0x7ccd3bef...,54362.8519,1.0,0.026966,2.8194
2022-07-08,0x5f8f52dd...,25324.0138,1.0,0.026966,2.8194
2022-07-08,0x7a3d69b0...,21097.9683,1.0,0.026966,2.8194
2022-07-08,0x570154c8...,18643.3429,1.0,0.026966,2.8194
2022-07-08,0x86fb84e9...,17125.3195,1.0,0.026966,2.8194
2022-07-08,0xdb7030be...,11337.492,1.0,0.026966,2.8194
2022-07-08,0x75a03ec2...,10321.6244,1.0,0.026966,2.8194
2022-07-08,0x12b5c919...,10043.5268,1.0,0.026966,2.8194
2022-07-08,0x3eb01b33...,9687.5971,1.0,0.026966,2.8194
2022-07-08,0x7902d79a...,8916.5157,1.0,0.026966,2.8194
2022-07-08,0xed0eebb4...,6055.4768,0.9953,0.026966,2.8328
2022-07-08,0x3c68de74...,11474.0585,1.0,0.026966,2.8194
2022-07-08,0x81bf3b80...,5073.1081,1.0,0.026966,2.8194
2022-07-08,0xe46530f4...,4974.6562,1.0,0.026966,2.8194
2022-07-08,0x7bc01461...,5220.1858,1.0,0.026966,2.8194
2022-07-15,0x6cf9aa65...,56919.7418,0.9368,0.034527,2.9575
2022-07-15,0xe8e8f41e...,11132.5536,1.0,0.034527,2.7707
2022-07-15,0x81bf3b80...,5076.9485,1.0,0.034527,2.7707
2022-07-15,0xeb9c1ce8...,11235.5643,1.0,0.034527,2.7707
2022-07-15,0xe46530f4...,4978.4221,1.0,0.034527,2.7707
2022-07-15,0x3da0ca6c...,4036.7103,0.9254,0.034527,2.9941
2022-07-15,0xbe6db5f6...,4280.2503,1.0,0.034527,2.7707
2022-07-15,0x3a351835...,4002.0282,1.0,0.034527,2.7707
2022-07-15,0xd8b388b9...,3318.6936,1.0,0.034527,2.7707
2022-07-15,0x3a36f617...,2966.1975,1.0,0.034527,2.7707
2022-07-15,0xab917dab...,5601.027,1.0,0.034527,2.7707
2022-07-15,0x8e9741f2...,3070.5173,1.0,0.034527,2.7707
2022-07-22,0x9bdb521a...,88930.5695,1.0,0.019942,2.8654
2022-07-22,0xeaa77236...,24703.2329,0.3552,0.019942,8.0675
2022-07-22,0x6f299e65...,64100.1334,1.0,0.019942,2.8654
2022-07-22,0x7ccd3bef...,54451.0152,1.0,0.019942,2.8654
2022-07-22,0x2faf487a...,84999.4172,0.9789,0.019942,2.9272
2022-07-22,0x9eeac687...,40930.639,1.0,0.019942,2.8654
2022-07-22,0x7a3d69b0...,21132.184,1.0,0.019942,2.8654
2022-07-22,0x86fb84e9...,17153.0927,1.0,0.019942,2.8654
2022-07-22,0x39d787fd...,16593.7236,1.0,0.019942,2.8654
2022-07-22,0x06601571...,15464.0898,1.0,0.019942,2.8654
2022-07-22,0xfdd86a96...,13172.1044,0.9792,0.019942,2.9263
2022-07-22,0x1ca861c0...,12672.898,1.0,0.019942,2.8654
2022-07-22,0xdb7030be...,11355.8787,1.0,0.019942,2.8654
2022-07-22,0xbc64bde4...,10589.7008,1.0,0.019942,2.8654
2022-07-22,0x75a03ec2...,10338.3635,1.0,0.019942,2.8654
2022-07-22,0x12b5c919...,10059.815,1.0,0.019942,2.8654
2022-07-22,0x648332cd...,27875.3486,1.0,0.019942,2.8654
2022-07-22,0x1d65e5bb...,8343.9478,1.0,0.019942,2.8654
2022-07-22,0x3771f3f0...,5185.7119,1.0,0.019942,2.8654
2022-07-22,0x81bf3b80...,5081.3355,1.0,0.019942,2.8654
2022-07-22,0xeb9c1ce8...,11245.2728,1.0,0.019942,2.8654
2022-07-22,0xc8034cd0...,4059.1732,1.0,0.019942,2.8654
2022-07-22,0x09822463...,3448.0548,0.9741,0.019942,2.9415
2022-07-22,0x69048d4d...,3348.4677,1.0,0.019942,2.8654
2022-07-22,0x70d893a5...,3301.9214,1.0,0.019942,2.8654
2022-07-22,0x4c5db457...,650.8197,0.237,0.019942,12.091
2022-07-29,0x41318419...,411845.2265,1.0,0.025216,2.8308
2022-07-29,0x9bdb521a...,88997.7054,1.0,0.025216,2.8308
2022-07-29,0x6f299e65...,64148.5242,1.0,0.025216,2.8308
2022-07-29,0x06601571...,15475.7641,1.0,0.025216,2.8308
2022-07-29,0x0c67f4ff...,17369.1696,1.0,0.025216,2.8308
2022-07-29,0xfdd86a96...,13182.0483,0.9799,0.025216,2.8888
2022-07-29,0x75a03ec2...,10346.1682,1.0,0.025216,2.8308
2022-07-29,0x621e4413...,10051.9559,1.0,0.025216,2.8308
2022-07-29,0xa91537dd...,7520.1881,1.0,0.025216,2.8308
2022-07-29,0x8d8b9c79...,8542.1548,1.0,0.025216,2.8308
2022-07-29,0x916792f7...,5694.4233,1.0,0.025216,2.8308
2022-07-29,0x09822463...,3551.0226,1.0,0.025216,2.8308
2022-07-29,0x44bdb19d...,3340.1661,0.991,0.025216,2.8566
2022-07-29,0xd8b388b9...,3324.0688,1.0,0.025216,2.8308
2022-07-29,0x70d893a5...,3304.4141,1.0,0.025216,2.8308
2022-07-29,0xc2f0f2b0...,3265.191,1.0,0.025216,2.8308
2022-07-29,0x7f3f5420...,2801.4331,1.0,0.025216,2.8308
2022-08-05,0x39d787fd...,16618.7394,1.0,0.027519,2.8158
2022-08-05,0x06601571...,15487.4027,1.0,0.027519,2.8158
2022-08-05,0x1ca861c0...,12692.003,1.0,0.027519,2.8158
2022-08-05,0x3c68de74...,11509.9924,1.0,0.027519,2.8158
2022-08-05,0x8f38831a...,3605.1638,1.0,0.027519,2.8158
2022-08-12,0x621e4413...,10067.0224,1.0,0.031871,2.7877
2022-08-12,0x12b5c919...,34.8293,0.0035,0.031871,15.0
2022-08-12,0xa91537dd...,7531.4595,1.0,0.031871,2.7877
2022-08-12,0x11986f42...,6215.3115,1.0,0.031871,2.7877
2022-08-12,0x3c68de74...,11518.5816,1.0,0.031871,2.7877
2022-08-12,0x97960149...,4873.214,1.0,0.031871,2.7877
2022-08-12,0x4f58985b...,4437.5444,1.0,0.031871,2.7877
2022-08-12,0x3da0ca6c...,4049.3087,0.9283,0.031871,3.0031
2022-08-12,0x8cca4b44...,3799.3337,1.0,0.031871,2.7877
2022-08-12,0x8f38831a...,3607.8541,1.0,0.031871,2.7877
2022-08-12,0x09822463...,3556.3451,1.0,0.031871,2.7877
2022-08-12,0x44bdb19d...,3339.299,0.9907,0.031871,2.8139
2022-08-12,0x69048d4d...,3356.0183,1.0,0.031871,2.7877
2022-08-12,0xc2f0f2b0...,3255.7611,0.9971,0.031871,2.7958
2022-08-12,0xbcc0060d...,3241.244,1.0,0.031871,2.7877
2022-08-12,0xab917dab...,5618.5075,1.0,0.031871,2.7877
2022-08-12,0x8e9741f2...,3080.1003,1.0,0.031871,2.7877
2022-08-12,0x4c5db457...,652.2873,0.2375,0.031871,11.737
2022-08-12,0x439cac14...,2735.755,1.0,0.031871,2.7877
2022-08-12,0x7f3f5420...,2805.6321,1.0,0.031871,2.7877
2022-08-12,0x248e3f66...,2730.4505,1.0,0.031871,2.7877
2022-08-19,0x41318419...,412813.9921,1.0,0.027357,2.8169
2022-08-19,0x9bdb521a...,89207.0508,1.0,0.027357,2.8169
2022-08-19,0x6cf9aa65...,57146.0395,0.9728,0.027357,2.8957
2022-08-19,0x6e5f2745...,50160.7332,1.0,0.027357,2.8169
2022-08-19,0x2faf487a...,12745.0316,0.1468,0.027357,15.0
2022-08-19,0x9eeac687...,41057.8906,1.0,0.027357,2.8169
2022-08-19,0x5f8f52dd...,23492.781,0.9277,0.027357,3.0364
2022-08-19,0x7a3d69b0...,21197.8831,1.0,0.027357,2.8169
2022-08-19,0x570154c8...,17024.616,0.9132,0.027357,3.0847
2022-08-19,0xed0eebb4...,6084.1541,1.0,0.027357,2.8169
2022-08-19,0x81bf3b80...,5097.1331,1.0,0.027357,2.8169
2022-08-19,0xf35da7a4...,4782.7861,1.0,0.027357,2.8169
2022-08-19,0x4f58985b...,4441.3257,1.0,0.027357,2.8169
2022-08-19,0xa4dfe02d...,3941.1436,1.0,0.027357,2.8169
2022-08-19,0x8cca4b44...,3802.5711,1.0,0.027357,2.8169
2022-08-19,0xca4900af...,3802.116,1.0,0.027357,2.8169
2022-08-19,0x8f38831a...,3610.9284,1.0,0.027357,2.8169
2022-08-19,0x70d893a5...,3312.1869,1.0,0.027357,2.8169
2022-08-19,0x8e9741f2...,3082.7249,1.0,0.027357,2.8169
2022-08-19,0x4c5db457...,652.8431,0.2377,0.027357,11.8495
2022-08-19,0x248e3f66...,2732.7772,1.0,0.027357,2.8169
2022-08-26,0xeaa77236...,24798.1681,0.3565,0.02507,7.9423
2022-08-26,0x6f299e65...,64346.4718,1.0,0.02507,2.8317
2022-08-26,0x2faf487a...,14955.6269,0.1722,0.02507,15.0
2022-08-26,0x7a3d69b0...,21213.3956,1.0,0.02507,2.8317
2022-08-26,0xf3ae3bbd...,4553.1546,1.0,0.02507,2.8317
2022-08-26,0xfdd86a96...,13135.6614,0.9765,0.02507,2.9
2022-08-26,0x3eb01b33...,9740.5981,1.0,0.02507,2.8317
2022-08-26,0x11986f42...,6225.1599,1.0,0.02507,2.8317
2022-08-26,0x2bb7d1c7...,6203.3695,1.0,0.02507,2.8317
2022-08-26,0xeb9c1ce8...,11288.4887,1.0,0.02507,2.8317
2022-08-26,0x97960149...,4880.9358,1.0,0.02507,2.8317
2022-08-26,0x3da0ca6c...,53.6485,0.0132,0.02507,15.0
2022-08-26,0x09822463...,3561.9802,1.0,0.02507,2.8317
2022-08-26,0x44bdb19d...,3344.5902,0.9923,0.02507,2.8538
2022-08-26,0x5aa7953b...,3297.851,1.0,0.02507,2.8317
2022-09-02,0x6cf9aa65...,58756.9874,1.0,0.029196,2.805
2022-09-09,0x9eeac687...,41160.3127,1.0,0.037324,2.7529
2022-09-09,0x11036bcc...,20805.1252,1.0,0.037324,2.7529
2022-09-09,0x570154c8...,17067.0852,0.9155,0.037324,3.0072
2022-09-09,0x86fb84e9...,17249.3436,1.0,0.037324,2.7529
2022-09-09,0x39d787fd...,27258.8745,1.0,0.037324,2.7529
2022-09-09,0xf3ae3bbd...,4561.1749,1.0,0.037324,2.7529
2022-09-09,0xfdd86a96...,13158.7998,0.9782,0.037324,2.8143
2022-09-09,0x75a03ec2...,10396.3751,1.0,0.037324,2.7529
2022-09-09,0x3eb01b33...,2081.7431,0.2137,0.037324,12.8812
2022-09-09,0x1d65e5bb...,8390.7681,1.0,0.037324,2.7529
2022-09-09,0xed0eebb4...,6099.3315,1.0,0.037324,2.7529
2022-09-09,0xe134e3fb...,5970.7604,1.0,0.037324,2.7529
2022-09-09,0x2bb7d1c7...,7244.2989,1.0,0.037324,2.7529
2022-09-09,0x81bf3b80...,5109.8483,1.0,0.037324,2.7529
2022-09-09,0xeb9c1ce8...,11308.3733,1.0,0.037324,2.7529
2022-09-09,0xe46530f4...,0.5423,0.0001,0.037324,
2022-09-09,0xa4dfe02d...,3950.9751,1.0,0.037324,2.7529
2022-09-09,0xca4900af...,3811.6007,1.0,0.037324,2.7529
2022-09-09,0x8f38831a...,3619.9362,1.0,0.037324,2.7529
2022-09-09,0x09822463...,3568.2547,1.0,0.037324,2.7529
2022-09-09,0x44bdb19d...,3330.5433,0.9881,0.037324,2.7861
2022-09-09,0xd8b388b9...,3340.1995,1.0,0.037324,2.7529
2022-09-09,0x5aa7953b...,3303.6602,1.0,0.037324,2.7529
2022-09-09,0xbcc0060d...,3252.0984,1.0,0.037324,2.7529
2022-09-09,0x3a36f617...,2985.4191,1.0,0.037324,2.7529
2022-09-09,0x8e9741f2...,3090.415,1.0,0.037324,2.7529
2022-09-09,0x91fbe8a4...,2401.1664,0.8594,0.037324,3.2032
2022-09-09,0x439cac14...,2743.0774,1.0,0.037324,2.7529
2022-09-09,0x7f3f5420...,2908.1746,1.0,0.037324,2.7529
2022-09-16,0x41318419...,413380.4796,1.0,0.013541,2.9079
2022-09-16,0x9bdb521a...,89329.466,1.0,0.013541,2.9079
2022-09-16,0x5f8f52dd...,23525.0191,0.929,0.013541,3.1303
2022-09-16,0x06601571...,15533.4537,1.0,0.013541,2.9079
2022-09-16,0xfdd86a96...,13144.0682,0.9771,0.013541,2.9761
2022-09-16,0x75a03ec2...,10384.7361,0.9989,0.013541,2.9112
2022-09-16,0x997d1ed5...,17313.7036,1.0,0.013541,2.9079
2022-09-16,0xe134e3fb...,5966.6645,0.9993,0.013541,2.9099
2022-09-16,0x2bb7d1c7...,7236.1888,0.9989,0.013541,2.9112
2022-09-16,0xe46530f4...,0.5417,0.0001,0.013541,
2022-09-16,0xbe6db5f6...,4323.0954,1.0,0.013541,2.9079
2022-09-16,0xca4900af...,3807.3335,0.9989,0.013541,2.9112
2022-09-16,0x70d893a5...,4503.2715,1.0,0.013541,2.9079
2022-09-16,0x5aa7953b...,3299.9616,0.9989,0.013541,2.9112
2022-09-16,0x8e9741f2...,3086.9552,0.9989,0.013541,2.9112
2022-09-23,0x7a3d69b0...,21247.8511,1.0,0.006881,2.9528
2022-09-23,0xf3ae3bbd...,4560.55,0.9999,0.006881,2.9532
2022-09-23,0xdb7030be...,11417.0308,1.0,0.006881,2.9528
2022-09-23,0x621e4413...,10099.3511,1.0,0.006881,2.9528
2022-09-30,0x86fb84e9...,17264.2418,1.0,0.003598,2.9753
2022-09-30,0xe134e3fb...,5970.3275,0.9999,0.003598,2.9755
2022-09-30,0x3c68de74...,11567.1371,1.0,0.003598,2.9753
2022-09-30,0x2bb7d1c7...,7250.5558,1.0,0.003598,2.9753
2022-09-30,0xeb9c1ce8...,11318.1403,1.0,0.003598,2.9753
2022-09-30,0x4f58985b...,3451.2654,0.7771,0.003598,3.8288
2022-09-30,0xbe6db5f6...,4343.8825,1.0,0.003598,2.9753
2022-09-30,0x8cca4b44...,3815.3494,1.0,0.003598,2.9753
2022-09-30,0xd8b388b9...,3343.0844,1.0,0.003598,2.9753
2022-09-30,0xc2f0f2b0...,3269.4855,1.0,0.003598,2.9753
2022-09-30,0x5aa7953b...,3306.5135,1.0,0.003598,2.9753
2022-09-30,0xab917dab...,5642.1918,1.0,0.003598,2.9753
2022-09-30,0x8e9741f2...,3093.0842,1.0,0.003598,2.9753
2022-09-30,0x7f3f5420...,2910.6864,1.0,0.003598,2.9753
2022-09-30,0x248e3f66...,2741.9605,1.0,0.003598,2.9753
2022-10-07,0x41318419...,414627.7613,1.0,0.004545,2.9688
2022-10-07,0xeaa77236...,0.3307,0.0,0.004545,
2022-10-07,0x7ccd3bef...,4431.3222,0.0814,0.004545,15.0
2022-10-07,0x2faf487a...,22892.9673,0.2693,0.004545,11.0228
2022-10-07,0x7a3d69b0...,21291.0113,1.0,0.004545,2.9688
2022-10-07,0x570154c8...,17099.4099,1.0,0.004545,2.9688
2022-10-07,0x86fb84e9...,17282.0135,1.0,0.004545,2.9688
2022-10-07,0x39d787fd...,272.1361,0.01,0.004545,15.0
2022-10-07,0xf3ae3bbd...,3767.3468,0.826,0.004545,3.5943
2022-10-07,0x0c67f4ff...,17486.5134,1.0,0.004545,2.9688
2022-10-07,0x1c11ba15...,25021.1822,1.0,0.004545,2.9688
2022-10-07,0xfdd86a96...,13094.6444,0.9934,0.004545,2.9886
2022-10-07,0x75a03ec2...,10416.0656,1.0,0.004545,2.9688
2022-10-07,0x12b5c919...,35.0121,0.0035,0.004545,15.0
2022-10-07,0x7902d79a...,8907.9669,1.0,0.004545,2.9688
2022-10-07,0x11986f42...,6247.9365,1.0,0.004545,2.9688
2022-10-07,0x3c68de74...,11579.0443,1.0,0.004545,2.9688
2022-10-07,0x81bf3b80...,5119.5262,1.0,0.004545,2.9688
2022-10-07,0xeb9c1ce8...,11329.7911,1.0,0.004545,2.9688
2022-10-07,0xe46530f4...,0.5433,1.0,0.004545,2.9688
2022-10-07,0xca4900af...,3818.8198,1.0,0.004545,2.9688
2022-10-07,0x8f38831a...,3626.7923,1.0,0.004545,2.9688
2022-10-07,0x5aa7953b...,3309.9172,1.0,0.004545,2.9688
2022-10-07,0xbcc0060d...,3258.2578,1.0,0.004545,2.9688
2022-10-07,0xab917dab...,5647.9999,1.0,0.004545,2.9688
2022-10-07,0x439cac14...,2746.4289,1.0,0.004545,2.9688
2022-10-07,0x7f3f5420...,2913.6827,1.0,0.004545,2.9688
2022-10-14,0x7ccd3bef...,4435.6949,1.0,0.005142,2.9647
2022-10-14,0x7a3d69b0...,21312.0205,1.0,0.005142,2.9647
2022-10-14,0x11036bcc...,20865.0983,1.0,0.005142,2.9647
2022-10-14,0x86fb84e9...,17299.0668,1.0,0.005142,2.9647
2022-10-14,0x06601571...,15595.6904,1.0,0.005142,2.9647
2022-10-14,0x1ca861c0...,12780.7453,1.0,0.005142,2.9647
2022-10-14,0x75a03ec2...,10426.3438,1.0,0.005142,2.9647
2022-10-14,0xed0eebb4...,6116.9134,1.0,0.005142,2.9647
2022-10-14,0x3c68de74...,11590.4701,1.0,0.005142,2.9647
2022-10-14,0x81bf3b80...,5124.578,1.0,0.005142,2.9647
2022-10-21,0x6f299e65...,64714.0888,1.0,0.002675,2.9816
2022-10-21,0x7a3d69b0...,21334.9194,1.0,0.002675,2.9816
2022-10-21,0xfdd86a96...,13121.6492,0.9972,0.002675,2.99
2022-10-21,0x2bb7d1c7...,7272.9876,1.0,0.002675,2.9816
2022-10-21,0xbe6db5f6...,4361.8763,1.0,0.002675,2.9816
2022-10-21,0x8f38831a...,3634.2717,1.0,0.002675,2.9816
2022-10-21,0xd8b388b9...,3353.4273,1.0,0.002675,2.9816
2022-10-21,0x70d893a5...,4526.1724,1.0,0.002675,2.9816
2022-10-21,0x5aa7953b...,3316.7432,1.0,0.002675,2.9816
2022-10-21,0x3a36f617...,2997.2418,1.0,0.002675,2.9816
2022-10-21,0x8e9741f2...,3102.6535,1.0,0.002675,2.9816
2022-10-21,0x91fbe8a4...,2410.6755,1.0,0.002675,2.9816
2022-10-21,0x439cac14...,2751.1146,1.0,0.002675,2.9816
2022-10-21,0x248e3f66...,2750.4436,1.0,0.002675,2.9816
2022-10-28,0x6cf9aa65...,56745.0048,0.9658,0.001605,3.0949
2022-10-28,0x11036bcc...,20909.5997,1.0,0.001605,2.9889
2022-10-28,0x570154c8...,17152.7888,1.0,0.001605,2.9889
2022-10-28,0x86fb84e9...,17335.9625,1.0,0.001605,2.9889
2022-10-28,0x39d787fd...,272.9857,0.01,0.001605,15.0
2022-10-28,0x06601571...,15628.9531,1.0,0.001605,2.9889
2022-10-28,0x1c11ba15...,30131.0452,1.0,0.001605,2.9889
2022-10-28,0x75a03ec2...,10448.5813,1.0,0.001605,2.9889
2022-10-28,0x3eb01b33...,2092.1967,0.2148,0.001605,13.9155
2022-10-28,0xe134e3fb...,5978.3156,1.0,0.001605,2.9889
2022-10-28,0x3c68de74...,5807.5952,0.5011,0.001605,5.9651
2022-10-28,0xeb9c1ce8...,11365.1592,1.0,0.001605,2.9889
2022-10-28,0xd8b388b9...,3356.9726,1.0,0.001605,2.9889
2022-10-28,0xc2f0f2b0...,3283.0679,1.0,0.001605,2.9889
2022-10-28,0x3a36f617...,3000.4106,1.0,0.001605,2.9889
2022-10-28,0x7f3f5420...,2934.3506,1.0,0.001605,2.9889
2022-10-28,0x248e3f66...,2753.3514,1.0,0.001605,2.9889
2022-11-04,0x41318419...,416353.6013,1.0,0.001459,2.9899
2022-11-04,0x9bdb521a...,5081.1608,0.0569,0.001459,15.0
2022-11-04,0x3eb01b33...,2094.3669,0.215,0.001459,13.9058
2022-11-04,0x7902d79a...,8584.5355,0.9637,0.001459,3.1026
2022-11-04,0x1d65e5bb...,8441.6503,1.0,0.001459,2.9899
2022-11-04,0x3c68de74...,5813.6193,0.5016,0.001459,5.961
2022-11-04,0x81bf3b80...,5140.8348,1.0,0.001459,2.9899
2022-11-04,0xeb9c1ce8...,11376.9481,1.0,0.001459,2.9899
2022-11-04,0x4f58985b...,3521.0627,0.7928,0.001459,3.7714
2022-11-04,0xbe6db5f6...,5374.9084,1.0,0.001459,2.9899
2022-11-04,0x44bdb19d...,3330.7126,0.9959,0.001459,3.0024
2022-11-04,0xd8b388b9...,3360.4547,1.0,0.001459,2.9899
2022-11-04,0x69048d4d...,3387.6762,1.0,0.001459,2.9899
2022-11-04,0x70d893a5...,4535.6575,1.0,0.001459,2.9899
2022-11-04,0x91fbe8a4...,2415.7273,1.0,0.001459,2.9899
2022-11-04,0x439cac14...,2753.9739,1.0,0.001459,2.9899
2022-11-11,0x9bdb521a...,5086.8745,0.0569,0.00918,15.0
2022-11-11,0x2faf487a...,34740.0824,1.0,0.00918,2.9373
2022-11-11,0x570154c8...,16089.1423,0.938,0.00918,3.1314
2022-11-11,0x621e4413...,127.0402,0.0126,0.00918,15.0
2022-11-11,0x3eb01b33...,2096.722,0.2153,0.00918,13.6454
2022-11-11,0x11986f42...,4780.4274,0.7651,0.00918,3.8389
2022-11-11,0x2bb7d1c7...,7296.4244,1.0,0.00918,2.9373
2022-11-11,0xbcc0060d...,3275.4984,1.0,0.00918,2.9373
2022-11-11,0xab917dab...,5677.8855,1.0,0.00918,2.9373
2022-11-11,0x439cac14...,2755.1926,1.0,0.00918,2.9373
2022-11-18,0x41318419...,417503.7267,1.0,0.01043,2.9288
2022-11-18,0x86fb84e9...,17401.8829,1.0,0.01043,2.9288
2022-11-18,0x39d787fd...,274.0237,0.0101,0.01043,15.0
2022-11-18,0x1ca861c0...,8000.0,0.6259,0.01043,4.6791
2022-11-18,0x12b5c919...,35.255,1.0,0.01043,2.9288
2022-11-18,0x8d8b9c79...,4023.5566,1.0,0.01043,2.9288
2022-11-18,0x11986f42...,4788.2484,0.7664,0.01043,3.8217
2022-11-18,0xf35da7a4...,660.3709,1.0,0.01043,2.9288
2022-11-18,0x3da0ca6c...,4044.6113,1.0,0.01043,2.9288
2022-11-18,0x8cca4b44...,3845.7677,1.0,0.01043,2.9288
2022-11-18,0x69048d4d...,3397.0343,1.0,0.01043,2.9288
2022-11-18,0x70d893a5...,4548.1867,1.0,0.01043,2.9288
2022-11-18,0xab917dab...,5687.1749,1.0,0.01043,2.9288
2022-11-25,0x41318419...,417932.2259,1.0,0.021179,2.8572
2022-11-25,0x5f8f52dd...,10582.4154,0.4498,0.021179,6.3517
2022-11-25,0x570154c8...,16132.0048,0.9405,0.021179,3.038
2022-11-25,0xfdd86a96...,12540.3547,0.953,0.021179,2.9981
2022-11-25,0x621e4413...,127.3786,0.0126,0.021179,15.0
2022-11-25,0x3eb01b33...,2102.3078,1.0,0.021179,2.8572
2022-11-25,0xed0eebb4...,6159.5843,1.0,0.021179,2.8572
2022-11-25,0x916792f7...,5778.6307,1.0,0.021179,2.8572
2022-11-25,0x2bb7d1c7...,7315.8625,1.0,0.021179,2.8572
2022-11-25,0xe46530f4...,0.5476,1.0,0.021179,2.8572
2022-11-25,0x7f3f5420...,8065.9497,1.0,0.021179,2.8572
2022-12-02,0x6f299e65...,0.7572,0.0,0.011271,
2022-12-02,0x5f8f52dd...,10593.0009,0.4503,0.011271,6.4917
2022-12-02,0x570154c8...,16148.1414,0.9414,0.011271,3.105
2022-12-02,0x39d787fd...,274.5793,1.0,0.011271,2.9231
2022-12-02,0x06601571...,15720.1932,1.0,0.011271,2.9231
2022-12-02,0x12b5c919...,0.0064,0.0002,0.011271,
2022-12-02,0x1d65e5bb...,8482.1333,1.0,0.011271,2.9231
2022-12-02,0x3c68de74...,5841.4993,0.504,0.011271,5.8
2022-12-02,0x916792f7...,5784.411,1.0,0.011271,2.9231
2022-12-02,0x81bf3b80...,5165.4883,1.0,0.011271,2.9231
2022-12-02,0xca4900af...,3853.1044,1.0,0.011271,2.9231
2022-12-02,0x44bdb19d...,3337.6788,1.0,0.011271,2.9231
2022-12-02,0x70d893a5...,4557.4088,1.0,0.011271,2.9231
2022-12-02,0xbcc0060d...,3287.5098,1.0,0.011271,2.9231
2022-12-02,0x91fbe8a4...,1725.9525,0.7145,0.011271,4.0914
2022-12-02,0x4c5db457...,659.0052,1.0,0.011271,2.9231
2022-12-02,0x7f3f5420...,8074.018,1.0,0.011271,2.9231
2022-12-09,0x11036bcc...,0.056,0.0,0.012292,
2022-12-09,0x39d787fd...,274.8644,1.0,0.012292,2.9163
2022-12-09,0x06601571...,15736.5167,1.0,0.012292,2.9163
2022-12-09,0x1d65e5bb...,8490.9409,1.0,0.012292,2.9163
2022-12-09,0xe46530f4...,0.5488,1.0,0.012292,2.9163
2022-12-09,0x439cac14...,2762.5738,1.0,0.012292,2.9163
2022-12-09,0x7f3f5420...,8082.4019,1.0,0.012292,2.9163
2022-12-16,0x41318419...,419163.4183,1.0,0.012049,2.9179
2022-12-16,0x570154c8...,15022.613,0.8758,0.012049,3.3317
2022-12-16,0x3eb01b33...,2108.501,1.0,0.012049,2.9179
2022-12-16,0x997d1ed5...,3292.7867,1.0,0.012049,2.9179
2022-12-16,0x11986f42...,4807.283,0.7694,0.012049,3.7924
2022-12-16,0xed0eebb4...,6177.73,1.0,0.012049,2.9179
2022-12-16,0xeb9c1ce8...,11453.7269,1.0,0.012049,2.9179
2022-12-16,0x44bdb19d...,3344.1662,1.0,0.012049,2.9179
2022-12-16,0x70d893a5...,4566.2669,1.0,0.012049,2.9179
2022-12-16,0xbcc0060d...,3293.8996,1.0,0.012049,2.9179
2022-12-16,0xab917dab...,5709.7829,1.0,0.012049,2.9179
2022-12-16,0x91fbe8a4...,1729.3072,0.7159,0.012049,4.0761
2022-12-16,0x4c5db457...,660.2861,1.0,0.012049,2.9179
2022-12-16,0x439cac14...,2763.2125,1.0,0.012049,2.9179
2022-12-16,0x7f3f5420...,8089.7113,1.0,0.012049,2.9179
2022-12-23,0x6f299e65...,0.7594,0.0,0.011185,
2022-12-23,0x39d787fd...,275.37,1.0,0.011185,2.9237
2022-12-23,0x1ca861c0...,8039.3044,0.629,0.011185,4.6481
2022-12-23,0x621e4413...,127.8892,1.0,0.011185,2.9237
2022-12-23,0x1d65e5bb...,8506.5581,1.0,0.011185,2.9237
2022-12-23,0xd0ed2d0b...,25.8961,1.0,0.011185,2.9237
2022-12-23,0xe134e3fb...,6042.2761,1.0,0.011185,2.9237
2022-12-23,0xeb9c1ce8...,11464.4254,1.0,0.011185,2.9237
2022-12-23,0xe46530f4...,0.5498,1.0,0.011185,2.9237
2022-12-23,0x4f58985b...,3568.2161,1.0,0.011185,2.9237
2022-12-23,0xbe6db5f6...,5419.4158,1.0,0.011185,2.9237
2022-12-23,0xca4900af...,3864.1996,1.0,0.011185,2.9237
2022-12-23,0x44bdb19d...,3347.2898,1.0,0.011185,2.9237
2022-12-23,0x69048d4d...,3413.7241,1.0,0.011185,2.9237
2022-12-23,0x70d893a5...,4570.5321,1.0,0.011185,2.9237
2022-12-23,0x439cac14...,2764.3516,1.0,0.011185,2.9237
2022-12-30,0x41318419...,419908.5515,1.0,0.011348,2.9226
2022-12-30,0x570154c8...,15049.3182,0.8774,0.011348,3.3311
2022-12-30,0x86fb84e9...,17502.1179,1.0,0.011348,2.9226
2022-12-30,0xfdd86a96...,12472.1827,0.9505,0.011348,3.0748
2022-12-30,0x621e4413...,127.997,1.0,0.011348,2.9226
2022-12-30,0xd0ed2d0b...,25.9179,1.0,0.011348,2.9226
2022-12-30,0x11986f42...,4815.8288,1.0,0.011348,2.9226
2022-12-30,0x3c68de74...,5863.2577,0.5059,0.011348,5.7774
2022-12-30,0xc2f0f2b0...,3214.2134,0.979,0.011348,2.9852
2022-12-30,0x439cac14...,2765.4303,1.0,0.011348,2.9226
2023-01-06,0x41318419...,420285.8304,1.0,0.012437,2.9153
2023-01-06,0x1ca861c0...,8053.3093,1.0,0.012437,2.9153
2023-01-06,0x44bdb19d...,283.3522,0.0847,0.012437,15.0
2023-01-06,0xd8b388b9...,3392.1923,1.0,0.012437,2.9153
2023-01-06,0x69048d4d...,3419.671,1.0,0.012437,2.9153
2023-01-06,0xc2f0f2b0...,3217.1013,0.9799,0.012437,2.9751
2023-01-13,0xd0ed2d0b...,25.9656,1.0,0.007603,2.9479
2023-01-13,0xed0eebb4...,6200.0818,1.0,0.007603,2.9479
2023-01-13,0xe134e3fb...,6044.2419,1.0,0.007603,2.9479
2023-01-13,0x3c68de74...,5874.0297,1.0,0.007603,2.9479
2023-01-13,0xe46530f4...,0.5512,1.0,0.007603,2.9479
2023-01-13,0xf30b7d42...,3346.1737,1.0,0.007603,2.9479
2023-01-13,0x8cca4b44...,3875.0255,1.0,0.007603,2.9479
2023-01-13,0xd8b388b9...,3395.3738,1.0,0.007603,2.9479
2023-01-13,0x69048d4d...,3422.8782,1.0,0.007603,2.9479
2023-01-13,0x70d893a5...,4582.7883,1.0,0.007603,2.9479
2023-01-13,0x8e9741f2...,3141.4633,1.0,0.007603,2.9479
2023-01-20,0xeaa77236...,21431.572,1.0,0.004068,2.972
2023-01-20,0x7ccd3bef...,4500.4286,1.0,0.004068,2.972
2023-01-20,0x67c89126...,17101.5643,1.0,0.004068,2.972
2023-01-20,0x0c67f4ff...,14778.4,1.0,0.004068,2.972
2023-01-20,0x75a03ec2...,10578.5039,1.0,0.004068,2.972
2023-01-20,0x3eb01b33...,2118.2121,1.0,0.004068,2.972
2023-01-20,0x1d65e5bb...,8537.7617,1.0,0.004068,2.972
2023-01-20,0xd0ed2d0b...,25.9911,1.0,0.004068,2.972
2023-01-20,0x3c68de74...,5879.8096,1.0,0.004068,2.972
2023-01-20,0x2bb7d1c7...,7371.2081,1.0,0.004068,2.972
2023-01-20,0x8cca4b44...,3878.8384,1.0,0.004068,2.972
2023-01-20,0xca4900af...,3878.3742,1.0,0.004068,2.972
2023-01-20,0x3a36f617...,3037.7191,1.0,0.004068,2.972
2023-01-20,0xab917dab...,5736.0803,1.0,0.004068,2.972
2023-01-20,0x439cac14...,2769.2303,1.0,0.004068,2.972
2023-01-20,0x7f3f5420...,8126.9699,1.0,0.004068,2.972
2023-01-27,0x41318419...,421509.3761,1.0,0.002729,2.9812
2023-01-27,0x67c89126...,17118.4358,1.0,0.002729,2.9812
2023-01-27,0x91fbe8a4...,1738.9857,1.0,0.002729,2.9812
2023-02-03,0x41318419...,421896.6685,1.0,0.002339,2.9839
2023-02-03,0x7ccd3bef...,4509.0077,1.0,0.002339,2.9839
2023-02-03,0x570154c8...,15120.5714,0.9364,0.002339,3.1867
2023-02-03,0x39d787fd...,276.907,1.0,0.002339,2.9839
2023-02-03,0x1ca861c0...,8084.1754,1.0,0.002339,2.9839
2023-02-03,0x12b5c919...,0.0065,0.0002,0.002339,
2023-02-03,0xed0eebb4...,6218.0132,1.0,0.002339,2.9839
2023-02-03,0xe134e3fb...,6038.6811,0.9991,0.002339,2.9866
2023-02-03,0x2bb7d1c7...,7385.2597,1.0,0.002339,2.9839
2023-02-03,0xe46530f4...,0.5528,1.0,0.002339,2.9839
2023-02-03,0x8e9741f2...,3150.5488,1.0,0.002339,2.9839
2023-02-10,0xfdd86a96...,12341.606,0.9842,0.003583,3.0233
2023-02-10,0x1ca861c0...,8091.9231,1.0,0.003583,2.9754
2023-02-10,0x12b5c919...,0.0065,1.0,0.003583,2.9754
2023-02-10,0x2bb7d1c7...,7392.3375,1.0,0.003583,2.9754
2023-02-10,0x81bf3b80...,5214.269,1.0,0.003583,2.9754
2023-02-10,0xf30b7d42...,3359.0674,1.0,0.003583,2.9754
2023-02-10,0x8cca4b44...,3889.957,1.0,0.003583,2.9754
2023-02-10,0xca4900af...,3889.4915,1.0,0.003583,2.9754
2023-02-10,0x44bdb19d...,229.4624,0.0686,0.003583,15.0
2023-02-10,0xd8b388b9...,3408.4571,1.0,0.003583,2.9754
2023-02-10,0x70d893a5...,4600.447,1.0,0.003583,2.9754
2023-02-17,0x41318419...,422716.8917,1.0,0.001877,2.9871
2023-02-17,0x570154c8...,15149.9678,0.9382,0.001877,3.1839
2023-02-17,0x86fb84e9...,17619.1717,1.0,0.001877,2.9871
2023-02-17,0xf3ae3bbd...,555.1304,1.0,0.001877,2.9871
2023-02-17,0xe8e8f41e...,10172.5235,1.0,0.001877,2.9871
2023-02-17,0x1d65e5bb...,8570.6672,1.0,0.001877,2.9871
2023-02-17,0x11986f42...,4848.037,1.0,0.001877,2.9871
2023-02-17,0xe134e3fb...,6042.0591,0.9996,0.001877,2.9881
2023-02-17,0x3c68de74...,5902.4711,1.0,0.001877,2.9871
2023-02-17,0xe46530f4...,0.5539,1.0,0.001877,2.9871
2023-02-17,0xca4900af...,3893.3219,1.0,0.001877,2.9871
2023-02-17,0xc2f0f2b0...,3236.1623,1.0,0.001877,2.9871
2023-02-17,0xab917dab...,5758.1878,1.0,0.001877,2.9871
2023-02-17,0x7f3f5420...,8158.2921,1.0,0.001877,2.9871
2023-02-24,0x7ccd3bef...,4522.188,1.0,0.002633,2.9819
2023-02-24,0x570154c8...,15164.7706,1.0,0.002633,2.9819
2023-02-24,0x1d65e5bb...,8579.0415,1.0,0.002633,2.9819
2023-02-24,0xd0ed2d0b...,26.1168,1.0,0.002633,2.9819
2023-02-24,0xed0eebb4...,6236.1892,1.0,0.002633,2.9819
2023-02-24,0xeb9c1ce8...,11562.1124,1.0,0.002633,2.9819
2023-02-24,0x8cca4b44...,3897.5925,1.0,0.002633,2.9819
2023-02-24,0x70d893a5...,4609.4771,1.0,0.002633,2.9819
2023-03-03,0x70d893a5...,4613.5143,1.0,0.000601,2.9959
2023-03-10,0x41318419...,423881.5442,1.0,0.001653,2.9886
2023-03-10,0xeaa77236...,1.9402,0.0001,0.001653,
2023-03-10,0x11036bcc...,0.0566,1.0,0.001653,2.9886
2023-03-10,0x86fb84e9...,17667.7154,1.0,0.001653,2.9886
2023-03-10,0xfdd86a96...,12295.6886,0.9858,0.001653,3.0315
2023-03-10,0x1ca861c0...,8122.2086,1.0,0.001653,2.9886
2023-03-10,0xe8e8f41e...,10200.5504,1.0,0.001653,2.9886
2023-03-10,0x12b5c919...,0.0065,1.0,0.001653,2.9886
2023-03-10,0x1d65e5bb...,8594.2808,1.0,0.001653,2.9886
2023-03-10,0x11986f42...,4861.3941,1.0,0.001653,2.9886
2023-03-10,0xe134e3fb...,6040.1643,0.9993,0.001653,2.9906
2023-03-10,0x81bf3b80...,5233.7844,1.0,0.001653,2.9886
2023-03-10,0xbe6db5f6...,5481.8148,1.0,0.001653,2.9886
2023-03-10,0xf30b7d42...,3371.6394,1.0,0.001653,2.9886
2023-03-10,0x8cca4b44...,3904.5159,1.0,0.001653,2.9886
2023-03-10,0xca4900af...,3904.0486,1.0,0.001653,2.9886
2023-03-10,0x8f38831a...,3707.7354,1.0,0.001653,2.9886
2023-03-10,0x69048d4d...,3448.9276,1.0,0.001653,2.9886
2023-03-10,0x439cac14...,2775.1518,1.0,0.001653,2.9886
2023-03-17,0x41318419...,424464.1135,1.0,0.002429,2.9833
2023-03-17,0x11036bcc...,0.0567,1.0,0.002429,2.9833
2023-03-17,0xfdd86a96...,12312.5874,0.9872,0.002429,3.0219
2023-03-17,0xe8e8f41e...,10214.5697,1.0,0.002429,2.9833
2023-03-17,0x75a03ec2...,10663.1675,1.0,0.002429,2.9833
2023-03-17,0xed0eebb4...,6255.8529,1.0,0.002429,2.9833
2023-03-17,0xe134e3fb...,4830.7989,0.7992,0.002429,3.7326
2023-03-17,0x81bf3b80...,5240.9775,1.0,0.002429,2.9833
2023-03-17,0xeb9c1ce8...,11598.5695,1.0,0.002429,2.9833
2023-03-17,0xe46530f4...,0.5562,1.0,0.002429,2.9833
2023-03-17,0xf30b7d42...,3376.2732,1.0,0.002429,2.9833
2023-03-17,0x7f3f5420...,8192.0129,1.0,0.002429,2.9833
2023-03-24,0x9bdb521a...,4413.3184,1.0,0.005059,2.9653
2023-03-24,0x75a03ec2...,10673.6128,1.0,0.005059,2.9653
2023-03-24,0x12b5c919...,0.0066,1.0,0.005059,2.9653
2023-03-31,0x3eb01b33...,11.9281,0.0056,0.003721,15.0
2023-03-31,0x11986f42...,4877.0698,1.0,0.003721,2.9744
2023-03-31,0x916792f7...,1398.972,1.0,0.003721,2.9744
2023-03-31,0xbe6db5f6...,5499.4911,1.0,0.003721,2.9744
2023-03-31,0xf30b7d42...,3197.4429,0.947,0.003721,3.1408
2023-03-31,0xd8b388b9...,3432.2457,1.0,0.003721,2.9744
2023-03-31,0xc2f0f2b0...,3255.5423,1.0,0.003721,2.9744
2023-03-31,0xbcc0060d...,3341.7168,1.0,0.003721,2.9744
2023-03-31,0x3a36f617...,3067.6886,1.0,0.003721,2.9744
2023-03-31,0xab917dab...,5792.6712,1.0,0.003721,2.9744
2023-03-31,0x91fbe8a4...,1754.4113,1.0,0.003721,2.9744
2023-03-31,0x248e3f66...,3820.0761,1.0,0.003721,2.9744
2023-04-07,0xeaa77236...,158.9075,0.0074,0.003504,15.0
2023-04-07,0x0c67f4ff...,13933.3563,0.9428,0.003504,3.1564
2023-04-07,0xe8e8f41e...,10241.7587,1.0,0.003504,2.9759
2023-04-07,0x75a03ec2...,10691.5505,1.0,0.003504,2.9759
2023-04-07,0x1d65e5bb...,8629.0,1.0,0.003504,2.9759
2023-04-07,0x11986f42...,4881.0332,1.0,0.003504,2.9759
2023-04-07,0xe134e3fb...,1651.8357,0.2734,0.003504,10.8852
2023-04-07,0x81bf3b80...,5254.9279,1.0,0.003504,2.9759
2023-04-07,0xe46530f4...,0.5577,1.0,0.003504,2.9759
2023-04-07,0xbe6db5f6...,5503.9602,1.0,0.003504,2.9759
2023-04-07,0x70d893a5...,4636.3196,1.0,0.003504,2.9759
2023-04-07,0xc2f0f2b0...,3258.188,1.0,0.003504,2.9759
2023-04-07,0x3a36f617...,3070.1815,1.0,0.003504,2.9759
2023-04-14,0x9bdb521a...,4425.4507,1.0,0.00078,2.9946
2023-04-14,0xeaa77236...,159.077,1.0,0.00078,2.9946
2023-04-14,0x570154c8...,13953.5427,0.9201,0.00078,3.2546
2023-04-14,0x86fb84e9...,17758.0111,1.0,0.00078,2.9946
2023-04-14,0x39d787fd...,279.6316,1.0,0.00078,2.9946
2023-04-14,0x0c67f4ff...,13948.2185,1.0,0.00078,2.9946
2023-04-14,0x1ca861c0...,6434.759,0.7922,0.00078,3.7799
2023-04-14,0x12b5c919...,0.0066,1.0,0.00078,2.9946
2023-04-14,0x11986f42...,4886.2396,1.0,0.00078,2.9946
2023-04-14,0xed0eebb4...,6279.1952,1.0,0.00078,2.9946
2023-04-14,0x81bf3b80...,5260.5331,1.0,0.00078,2.9946
2023-04-14,0x4f58985b...,100.0543,1.0,0.00078,2.9946
2023-04-14,0xca4900af...,3924.0013,1.0,0.00078,2.9946
2023-04-14,0xab917dab...,5803.5624,1.0,0.00078,2.9946
2023-04-14,0x91fbe8a4...,1757.7099,1.0,0.00078,2.9946
2023-04-21,0x86fb84e9...,17775.1937,1.0,0.002717,2.9813
2023-04-21,0x2bb7d1c7...,5436.879,0.7355,0.002717,4.0536
2023-04-21,0xca4900af...,3927.7982,1.0,0.002717,2.9813
2023-04-21,0x69048d4d...,3469.9086,1.0,0.002717,2.9813
2023-04-21,0xc2f0f2b0...,3264.8193,1.0,0.002717,2.9813
2023-04-28,0x570154c8...,13979.7097,0.9219,0.002308,3.2371
2023-04-28,0xe8e8f41e...,10271.9099,1.0,0.002308,2.9841
2023-04-28,0x3eb01b33...,11.9729,1.0,0.002308,2.9841
2023-04-28,0x916792f7...,1404.2307,1.0,0.002308,2.9841
2023-04-28,0xeb9c1ce8...,11663.6789,1.0,0.002308,2.9841
2023-04-28,0x3a36f617...,3079.22,1.0,0.002308,2.9841
2023-04-28,0xab917dab...,5814.4458,1.0,0.002308,2.9841
2023-04-28,0x439cac14...,2782.114,1.0,0.002308,2.9841
2023-05-05,0x41318419...,427350.3649,1.0,0.001156,2.992
2023-05-05,0x570154c8...,13996.0809,0.9229,0.001156,3.2419
2023-05-05,0x1ca861c0...,6454.3758,0.7947,0.001156,3.7652
2023-05-05,0xe8e8f41e...,10283.9391,1.0,0.001156,2.992
2023-05-05,0x12b5c919...,0.0066,1.0,0.001156,2.992
2023-05-05,0xed0eebb4...,6298.3377,1.0,0.001156,2.992
2023-05-05,0x916792f7...,1405.8752,1.0,0.001156,2.992
2023-05-05,0x3771f3f0...,117.1766,1.0,0.001156,2.992
2023-05-05,0x81bf3b80...,5276.5701,1.0,0.001156,2.992
2023-05-05,0xeb9c1ce8...,11677.3378,1.0,0.001156,2.992
2023-05-05,0xe46530f4...,0.56,1.0,0.001156,2.992
2023-05-05,0xf35da7a4...,1169.391,1.0,0.001156,2.992
2023-05-05,0x8cca4b44...,3936.435,1.0,0.001156,2.992
2023-05-05,0xca4900af...,3935.9639,1.0,0.001156,2.992
2023-05-05,0xd8b388b9...,3449.182,1.0,0.001156,2.992
2023-05-05,0xbcc0060d...,3358.2064,1.0,0.001156,2.992
2023-05-05,0x3a36f617...,3082.826,1.0,0.001156,2.992
2023-05-05,0x7f3f5420...,10039.1434,1.0,0.001156,2.992
2023-05-12,0x41318419...,427905.2223,1.0,0.001669,2.9885
2023-05-12,0xd275e5cb...,49997.6159,1.0,0.001669,2.9885
2023-05-12,0x0c67f4ff...,100.4116,0.0072,0.001669,15.0
2023-05-12,0x1ca861c0...,6462.7559,0.7957,0.001669,3.7559
2023-05-12,0xe8e8f41e...,10297.2914,1.0,0.001669,2.9885
2023-05-12,0x75a03ec2...,10749.5221,1.0,0.001669,2.9885
2023-05-12,0x12b5c919...,0.0066,1.0,0.001669,2.9885
2023-05-12,0x8cca4b44...,3941.546,1.0,0.001669,2.9885
2023-05-12,0x44bdb19d...,10.3676,1.0,0.001669,2.9885
2023-05-19,0xf30b7d42...,3219.5397,0.9536,0.000499,3.1424
2023-05-19,0x248e3f66...,3847.6711,1.0,0.000499,2.9966
2023-05-26,0x0c67f4ff...,100.0551,0.0072,0.001135,15.0
2023-05-26,0x1ca861c0...,6475.1806,0.7972,0.001135,3.7533
2023-05-26,0x3eb01b33...,12.0256,1.0,0.001135,2.9922
2023-05-26,0x11986f42...,4916.9337,1.0,0.001135,2.9922
2023-05-26,0xed0eebb4...,6318.6395,1.0,0.001135,2.9922
2023-05-26,0x3771f3f0...,192.9385,1.0,0.001135,2.9922
2023-05-26,0x2bb7d1c7...,5465.7435,1.0,0.001135,2.9922
2023-05-26,0x81bf3b80...,5293.5785,1.0,0.001135,2.9922
2023-05-26,0xf35da7a4...,1155.6448,0.9882,0.001135,3.0278
2023-05-26,0x4f58985b...,100.6828,1.0,0.001135,2.9922
2023-05-26,0x69048d4d...,3488.3304,1.0,0.001135,2.9922
2023-05-26,0x70d893a5...,4689.1053,1.0,0.001135,2.9922
2023-05-26,0xbcc0060d...,3369.0311,1.0,0.001135,2.9922
2023-05-26,0x3a36f617...,3092.7631,1.0,0.001135,2.9922
2023-05-26,0xab917dab...,5840.019,1.0,0.001135,2.9922
2023-05-26,0x8e9741f2...,3201.5342,1.0,0.001135,2.9922
2023-05-26,0x7f3f5420...,10071.5032,1.0,0.001135,2.9922
2023-05-26,0x248e3f66...,3851.3004,1.0,0.001135,2.9922
